party_id,party_nome
0,GRIECO WILLIAM JOSEPH [US]
1,BARRY JENNIFER KARA [US]
2,CLARK DEBORAH [US]
3,ENGLISH JAMES J [US]
4,ONG AZALEA S [US]
5,SCHEPERS ERIC [US]
6,QI JULIE [US]
7,RICE JANET [US]
8,ZACHAR ORON [IL]
9,OHARA MITSUHARU
10,TOKI MASAKO
11,KONDO MITSUKO
12,FEISTEL BJORN [DE]
13,KREUTER MATTHIAS-HEINRICH [CH]
14,FEISTEL BJOERN [DE]
15,DAWKINS MANJU CHACKO [US]
16,HAKAMATA YUSUKE
17,HIRAYAMA YUTAKA
18,ITSUKIDA TOMOO
19,SEKIDA SETSUKO
20,ISHIMARU HIDEHIKO
21,FERREIRA EBER LOPES [BR]
22,ZIELINSKI-HABERSHAW BETH [US]
23,SPARTICHINO JESSE [US]
24,WHITAKER ROBERT J [US]
25,MACEDO FURTADO ANDREA [BR]
26,GABRIELA BELLO KOBLITZ MARIA [BR]
27,GARRETT DA COSTA RAFAEL [BR]
28,PAULA DA SILVA OLIVEIRA JOANA [BR]
29,YAMAGUCHI NORIKAZU
30,NAKAO YASUSHI
31,DUFF ELEANOR [US]
32,SPELMAN KEVIN [US]
33,EAGLE SCOTT [US]
34,ITO YOSHIKAZU
35,ORITANI KOTA
36,UCHIDA HIROKO
37,MORITA MINORU
38,MORI SADAO
39,YAMAMOTO TAKAYUKI
40,KAWAKAMI SHINPEI
41,UMEHARA MASAHIRO
42,NISHIMURA EISAKU
43,KURITA IKUKO
44,YANAE KOJI
45,SAI MASAHIKO
46,SANO SHOKO
47,KINOSHITA YOSUKE
48,TAJIMA KAZUO
49,IMAI YOKO
50,NAKAO YOICHI
51,ARAI DAISUKE
52,OTSUKA SATOSHI
53,KATAOKA RYOSUKE
54,SHIMOMA SAORI
55,ITO KENHIKO
56,ROZELLE JOHN [US]
57,UMEHARA MASAHIRO [JP]
58,KURITA IKUKO [JP]
59,YANAE KOJI [JP]
60,SAI MASAHIKO [JP]
61,FUJI RIEKO
62,HENLEY-SMITH CYNTHIA JOAN [ZA]
63,LALL NAMRITA [ZA]
64,BOTHA FRANCINA SUSANNA [ZA]
65,HUSSEIN AHMED ABDEL-FATTAH [ZA]
66,JOHN THUMPLASSERIL V [US]
67,SHAHBANDI ALI [US]
68,KAMIMURA AARON JUN [US]
69,FLORES JUDITH [US]
70,LI XIAODONG [US]
71,INUMA MASAMI
72,ISHINO MASAHIRO
73,HAYASHI YURIKO
74,MAILLEUX ANNE-CATHERINE [BE]
75,NIIMOTO YUKIKO
76,UEHARA SHIZUKA
77,SASAKI ICHIRO
78,LOIZOU NICOS C [US]
79,DOHERTY JOHN [CA]
80,APONG PHIL [CA]
81,AKRONG JAMES [CA]
82,HE ZHENGSHAN [CN]
83,YANG JUNBO [CN]
84,YI TINGSHUANG [CN]
85,CAI JIE [CN]
86,YANG ZHENYAN [CN]
87,ZENG CHUNXIA [CN]
88,YANG JIXIONG [CN]
89,YANG JING [CN]
90,ZHANG ZHIRONG [CN]
91,LI DEZHU [CN]
92,NAKAMORI KATSU
93,ODAWARA MIKIKO
94,OKUNO TAKAHIRO
95,TSUYUKI YOSHIMI
96,MORITO AKIHISA
97,ASANO TOSHIKI
98,ISHIBE MASUMI
99,KITAJIMA HIDEAKI
100,TANAKA RUMI
101,HAYASHI TATSUO
102,AKIMOTO HIROSHI
103,DALLARMI MIGUEL MARILIS
104,GOMES MIGUEL OBDULIO
105,WARUMBY ZANIN SANDRA MARIA
106,KALEGARI MILENA
107,SOARES DOS SANTOS ROBERTO
108,KARKLE ENIO JONAS
109,KARKLE CELSI DARCI
110,BARCELOS JOAO BATISTA
111,ZANIN PEDRO
112,KURACHI MICHIO
113,SHIOMOTO HIDEMI
114,HANAWA MASAAKI
115,TSUNODA KENJI
116,KURITA HIROSHI
117,KAMIBAYASHI HIROAKI
118,SUGIMOTO MASANORI
119,TANAKA YOSHIMASA
120,KASRAEE BEHROOZ [CH]
121,KORCHI MOHAMED AMINE [CH]
122,YOSHIMURA HIROYUKI
123,KLIS VIKTORIA [DE]
124,ZORN HOLGER [DE]
125,BICKEL HAASE THOMAS [DE]
126,P�HN EVA FRIEDERIKE HELGA [DE]
127,JERSCHOW JEANNY JALINE [DE]
128,BAKER ROBERT K
129,BAO JIANMING
130,KAYSER FRANK
131,PARSONS WILLIAM H
132,RUPPRECHT KATHLEEN M
133,DUPAS-LANGLET MARINA [CH]
134,FLEURY REY YVETTE [CH]
135,MEUNIER VINCENT DANIEL MAURICE [CH]
136,VAFEIADI CHRISTINA [CH]
137,FESTRING DANIEL [GB]
138,KUSCHEL BEATRICE [GB]
139,VIEIRA JOSELIO BATISTA [GB]
140,YOON SUNG-YONG HARRISON [US]
141,PARK YOUNG CHUL [US]
142,MCDONALD AMY [US]
143,DUBOIS CAMILLE PIERRE [US]
144,LALL SONIA [US]
145,FLEURY REY YVETTE
146,VIEIRA JOS�LIO BATISTA
147,VAFEIADI CHRISTINA
148,ABU-HARDAN MADIAN OTHMAN
149,ABU-HARDAN MADIAN OTHMAN [GB]
150,HARDWICK KATHRYN ELIZABETH [GB]
151,DE ACUTIS RODOLFO [GB]
152,RADFORD STEWART JOHN [GB]
153,VENKATRAMESH MYLAVARAPU [US]
154,WAGNER D RY [US]
155,LALL SONIA [IN]
156,LEJARD FREDERIC Y [FR]
157,YOON SUNG-YONG H [KR]
158,MARELLI JEAN-PHILIPPE [BR]
159,NWOSU CHIGOZIE V [US]
160,ARIAS JUAN CARLOS MOTAMAYOR [US]
161,BIZZOTTO CAROLINA SCHAPER [BR]
162,CAMPOS RODRIGO [US]
163,ROYAERT STEFAN EMIEL [BR]
164,WU RAY J [US]
165,GARG AJAY K [US]
166,KIM JU-KON [KR]
167,QADAN FADI [JO]
168,QADAN FADI [JP]
169,GARCIA CLAUDIA YANET [BR]
170,BRITTO DAHYANA [BR]
171,MARELLI JEAN-PHILIPPE [US]
172,SILVA LIDIANE [BR]
173,SILVA LIDIANE DOS SANTOS [BR]
174,WANG FUHAI
175,GOETZ MICHAEL A [US]
176,DING NIANSHENG
177,TROPLIN PHILIPPE [FR]
178,JACQUET GAUTHIER [FR]
179,SHI JUNYU
180,HU SONG
181,H�SSELBARTH ALEXANDER [DE]
182,GEYER CLAUDIA [DE]
183,HASSELBARTH ALEXANDER [DE]
184,THOMAS THIERRY [CH]
185,BOULAIZ HOURIA [ES]
186,MARCHAL CORRALES JUAN ANTONIO [ES]
187,BISHIMBAYEVA NAZIRA [KZ]
188,MURTAZINA ALIMA [KZ]
189,BAIMENOV MEDEU [KZ]
190,LEE GREGORY BRIAN [US]
191,SHOBU YOICHI
192,MORINO MASAYOSHI
193,SHIRAGAMI TOSHIMI
194,MAEDA YUJI
195,FURUSHO TAKAO
196,FREY MICHEL [FR]
197,CLARE G HARVEY [GB]
198,DORI NAERBO [NO]
199,HARVEY CLARE G [GB]
200,NAERBO DORI [NO]
201,SUZUKI TAKASHI [JP]
202,FUJIMOTO YASUO [JP]
203,UCHIYAMA TAKETO [JP]
204,TABATA KEIICHI [JP]
205,GROSMOND GILLES [FR]
206,GROSMOND GILLES M [FR]
207,HEFTI DORIS [CH]
208,CARRICK CHRISTOPHER [SE]
209,RUDA MARCUS [SE]
210,VERENDEL JOHAN [SE]
211,ROULIN THOMAS [SE]
212,CLEMENT JEAN-LUC [FR]
213,ROBERT SYLVIE [FR]
214,FOUQUET DANIEL [FR]
215,ZAREMSKI ALBA [FR]
216,NASH ROBERT JAMES [GB]
217,WILSON FRANCIS XAVIER [GB]
218,HORNE GRAEME [GB]
219,NUSSINOVITCH AMOS [IL]
220,MANOR BEN-ZION OMRI [IL]
221,NICOLAS BERTHELEMY
222,LOUIS DANOUX
223,PHILIPPE MOSER
224,SABINE PAIN
225,BURING ALBERTA BERENDINA [NL]
226,VAN DEN BERG ALBERTUS JUSTUS JOHANNES [NL]
227,SAKAI HIDEO
228,UCHIYAMA CHIYOKO
229,SHIMIZU HIROYUKI
230,LIU DONGFENG
231,YANG CHENGDONG
232,SU LIUHUA
233,WAN DONGMEI
234,YAO XINGCHENG
235,WANG XINLONG
236,TU HANQI
237,WANG JUN
238,BIES GARY D [US]
239,EMERY RAYMOND R [US]
240,PERKINS DONALD MARTIN [US]
241,EMERY RAYMOND [US]
242,PERKINS DONALD M [US]
243,BIES GARY [US]
244,MRUE FATIMA [BR]
245,MRUE F�TIMA [BR]
246,F�TIMA MRUE
247,CRYMES ANNETTE RENEE [US]
248,SALAZER ISABEL VEGAS [US]
249,VASQUEZ JULIAN VASQUEZ [US]
250,REQUEJO CUBAS JOSE WALTER [US]
251,LABAJOS HENYEL VASQUEZ [US]
252,BERDAK KEVIN ALFRED [US]
253,ROGERS JAMES A [US]
254,RAVANELLO MONICA [US]
255,SAVAGE THOMAS [US]
256,LAURIE CATHY [US]
257,LEDEAUX JOHN [US]
258,LIN YONGXIANG
259,LIN XIAONAI
260,PELTIER JEAN-BENOIT [FR]
261,TAUZIN MARC [FR]
262,ZHANG XIUXIA
263,XIAN JIANAN
264,JANG TAEK YONG
265,LI JUNTAO
266,WANG DONGMEI
267,LU YAOPENG
268,ZHENG PEIHUA
269,BRITTEN ANDREW J [US]
270,GORINSKY CONRAD [GB]
271,VAN DER AREND RENE P A [NL]
272,ROMERO CHAC�N ROSAURA M [CR]
273,PARK HYUNG WOOK [KR]
274,KIM JI SOO [KR]
275,DE OLIVEIRA ALAIDE BRAGA [BR]
276,DOLABELA MARIA FANI [BR]
277,ROCHA FABIOLA DUTRA [BR]
278,JACOME ROSE LISIEUX RIBEIRO PAIVA [BR]
279,NEIVA ROSA MARIA TAVEIRA [BR]
280,GOMES FABIANA MARIA ANDRADE [BR]
281,ALA�DE BRAGA DE OLIVEIRA [BR]
282,FABIANA MARIA ANDRADE GOMES [BR]
283,FAB�OLA DUTRA ROCHA [BR]
284,MARIA FANI DOLABELA [BR]
285,ROSA MARIA TAVEIRA NEIVA [BR]
286,ROSE LISIEUX RIBEIRO PAIVA J�COME [BR]
287,ALA�DE BRAGA DE OLIVEIRA
288,FABIANA MARIA ANDRADE GOMES
289,FAB�OLA DUTRA ROCHA
290,MARIA FANI DOLABELA
291,ROSA MARIA TAVEIRA NEIVA
292,ROSE LISIEUX RIBEIRO PAIVA J�COME
293,SOUTHERN RES INST [US]
294,PIONEER HI BRED INT [US]
295,DU PONT [US]
296,nan
297,ICHIMARU PHARCOS INC
298,FINZELBERG GMBH & CO KG [DE]
299,ACHELON INC [US]
300,LION CORP
301,ZIELINSKI HABERSHAW BETH [US]
302,CANOPY MEDICINE INC [US]
303,DNA PLANT TECHN CORP [US]
304,FIRMENICH & CIE [CH]
305,UNIV FEDERAL DO ESTADO DO RIO DE JANEIRO [BR]
306,UNIV RIO DE JANEIRO [BR]
307,KOWA CO
308,MDM ENTPR SOLUTIONS INC [US]
309,MORINAGA & CO
310,UNIV KANAGAWA
311,MORINAGA & CO [JP]
312,UNIV PRETORIA [ZA]
313,IXORA SCIENT INC [US]
314,SATO PHARMA
315,DOMOBIOS [BE]
316,KOSE CORP
317,NORTHERN INNOVATIONS AND FORMULATIONS CORP [CA]
318,KUNMING INST OF BOTANY CAS [CN]
319,TAISHO PHARMACEUTICAL CO LTD
320,UNIV FED DO PARANA [BR]
321,FRAUNHOFER GES FORSCHUNG [DE]
322,MERCK & CO INC
323,NESTLE SA [CH]
324,DIANAPLANTSCIENCES INC [US]
325,DIANAPLANTSCIENCE INC [US]
326,DIANAPLANTSCIENCES S A S [FR]
327,MARS INC [US]
328,CORNELL RES FOUNDATION INC [US]
329,ARABIAN GERMAN MEDICAL PRODUCTS CO W L L [BH]
330,MERCK & CO INC [US]
331,WUWEI DASHUSHAN ELEOCHARIS DULCIS PLANTING SPECIALIZED COOP
332,BARRY CALLEBAUT AG [CH]
333,GUILIN GUIKAI BIOLOGICAL SCIENCE & TECH CO LTD
334,FLAVOLOGIC GMBH [DE]
335,NEWCO BREVETS [FR]
336,UNIV GRANADA [ES]
337,KUREHA CHEMICAL IND CO LTD
338,IDEC THERAPEUTIC [FR]
339,FLOWERESSENCE CGH LTD [GB]
340,REN COM AB [SE]
341,CENTRE NAT RECH SCIENT [FR]
342,CIRAD [FR]
343,SUMMIT CORP PLC [GB]
344,BASF BEAUTY CARE SOLUTIONS FRANCE SAS
345,NANJING ZELANG MEDICAL TECH CO
346,NANJING ZELANG AGRI DEV CO LTD
347,RUBBER RES INST CHINESE ACADEMY TROPICAL AGRICULTURAL SCIENCES
348,HOT WOODS LLC [US]
349,PELE NOVA BIOTECNOLOGIA S A [BR]
350,POMPONA PROJECT LLC [US]
351,BAIYUETE SKIN CARE BIOTECHNOLOGY SHANGHAI CO LTD
352,AGRONOMIQUE INST NAT RECH [FR]
353,TROPICAL BIOTECHNOLOGY RES INSTITUTE OF CHINESE TROPICAL AGRICULTURAL SCIENCES
354,FOREMOSTCO INC [US]
355,PLANT PLANET INT B V [NL]
356,UNIV COSTA RICA [CR]
357,UNIST ULSAN NAT INST SCIENCE & TECHNOLOGY [KR]
358,UNIV MINAS GERAIS [BR]
