authors_id,nome_completo
57212932024,"DO NASCIMENTO, CRISTIANO SOUZA"
58355365500,"DE ALMEIDA CRUZ, IRINEIDE"
26028309100,"DO NASCIMENTO, CLAUDETE CATANHEDE"
55954117000,"DE ARAÚJO, ROBERTO DANIEL"
7006393638,"HIGUCHI, NIRO"
8784114500,"DOS SANTOS, JOAQUIM"
58119830300,"DA SILVA, ANTONIA SANDRA OLIVEIRA"
7102474765,"DE CARVALHO, JOÃO OLEGÁRIO PEREIRA"
57189244151,"DIONISIO, LUIZ FERNANDES SILVA"
36928208100,"RUSCHEL, ADEMIR ROBERTO"
56317546400,"SILVA, JOSÉ NATALINO MACEDO"
55143401500,"SCHWARTZ, GUSTAVO"
57209395027,"DA CUNHA CASTRO, TATIANA"
7102740855,"DALY, DOUGLAS C."
57221612640,"LONDOÑO-ECHEVERRI, YEISON"
57221607661,"TRUJILLO-LÓPEZ, ANA MARÍA"
58531148900,"PÉREZZABALA, JORGE ANDRÉS"
58001294800,"CORRÊA, POLLYANE GOMES"
58002168600,"MOURA, LEONARDO GOMES SANDERS"
7005934688,"AMARAL, ANA CLAUDIA FERNANDES"
57209362625,"DO AMARAL SOUZA, FRANCISCA DAS CHAGAS"
7005928791,"AGUIAR, JAIME PAIVA LOPES"
58000647800,"ALELUIA, RENÊ LEMOS"
36633910500,"DE ANDRADE SILVA, JEFFERSON ROCHA"
58480391900,"SILVA, DIEGO FERREIRA DA"
57552678300,"RIBEIRO, RICARDO DA SILVA"
7004881658,"BRAGA, JOÃO MARCELO ALVARENGA"
57189076341,"JAQUETTI, ROBERTO K."
35607508300,"GONÇALVES, JOSÉ FRANCISCO C."
58867287200,"DA SILVA ANTONIO, ANANDA"
57199399792,"DOS SANTOS, GUSTAVO RAMALHO CARDOSO"
8785951600,"PEREIRA, HENRIQUE MARCELO GUALBERTO"
57219858439,"DA VEIGA-JUNIOR, VALDIR FLORÊNCIO"
8603857400,"WIEDEMANN, LARISSA SILVEIRA MOREIRA"
57208081121,"STRAGLIOTTO, MICHELLY CASAGRANDE"
36601031600,"OLIVEIRA, AYLSON COSTA"
55805626300,"LENGOWSKI, ELAINE CRISTINA"
51663223300,"DE ARRUDA, TATIANA PAULA MARQUES"
14047979900,"DA SILVA, JOSÉ REINALDO MOREIRA"
36133516900,"PEREIRA, BÁRBARA LUÍSA CORRADI"
58704867700,"CALDAS, MAYARA DIAS"
55195138000,"PIMENTA, KARENA MENDES"
56345843100,"MARINHO, LUCAS CARDOSO"
23093937200,"DIAS, DANIELA PEREIRA"
35075640000,"ANTEZANA-VERA, SAUL ALFREDO"
6602826941,"MARENCO, RICARDO ANTONIO"
57203943139,"AFONSO, EDGAR AUGUSTO LOBATO"
7402667470,"CLARK, LYNN G."
57225156335,"DE FREITAS MANSANO, VIDAL"
57188735127,"FILGUEIRA, JOANA PATRÍCIA PANTOJA SERRÃO"
8859673400,"VIANA, PEDRO LAGE"
57561150000,"SOARES, WANNE PATRÍCIO"
55945911900,"COSTA, JOSÉ NILTON MEDEIROS"
57611834400,"VIEIRA, JOSÉ ROBERTO JÚNIOR"
36543537400,"CIPRIANI, HENRIQUE NERY"
57561736300,"DE SOUZA, JÉSSICA GONÇALVES"
57324310200,"DE FREITAS FERNANDES, CLÉBERSON"
57194491539,"KRAHL, DAYSE R.P."
23466323200,"CHIRON, GUY"
56180863100,"KRAHL, AMAURI H."
58170144700,"DA SILVA, JOÃO BATISTA F."
25928302800,"CANTUÁRIA, PATRICK DE C."
7006315182,"BAUR, PETER"
57438768600,"SILVA, CLEVÂNIO CROSA DA"
57436229900,"BAUR, PHILIPP"
57438938400,"PERES, RUBINS DA SILVA"
57438938500,"DARIO, IURI STEFANO NEGRISIOLO"
57196465549,"MIRANDA, ZENAIDE PALHETA"
57758772800,"DE MAGALHÃES, ALISON PEREIRA"
57758865100,"DE MELO NETO, PAULO RODRIGUES"
15049235100,"CESARINO, FABIANO"
57837722700,"SANTANA, MILENA L. G."
57202887610,"DE MELO, JOÃO P. R."
14046764600,"DA CAMARA, CLÁUDIO A. G."
36056226900,"DE MORAES, MARCÍLIO M."
57224674097,"DE ARAUJO, CAROLINA A."
14625988800,"DE VASCONCELOS, GERALDO J. N."
56166428900,"PEREIRA, MARTA R. S."
6602811854,"ZARTMAN, CHARLES E."
56656503500,"ZUCARATTO, RODRIGO"
23012785400,"PORTELA, RITA DE CÁSSIA QUITETE"
14819497000,"GUEDES, MARCELINO CARNEIRO"
57204951777,"YOSHIKAWA, VANIA NOBUKO"
48160975000,"DUARTE, MARÍLIA CRISTINA"
57204954391,"FERREIRA, CARLOS DANIEL MIRANDA"
56063146500,"CAMARGO, RODRIGO AUGUSTO"
57200316052,"BURNHAM, ROBYN JEANETTE"
57202363775,"CAMELO, MEL DE CASTRO"
6603818091,"CROAT, THOMAS B."
24780331000,"COELHO, MARCUS A.N."
57314872600,"AYLWARD, STEVE"
56747501300,"PASTORE, MAYARA"
6506914631,"SIMÃO-BIANCHINI, ROSÂNGELA"
58209217900,"DOS SANTOS, DAIANE ALVES"
6505505560,"CARNEIRO TORRES, DANIELA SANTOS"
53868186000,"MEIRELLES, JULIA"
57300070300,"SARTOR, MARIANA FURLAN"
57299705100,"CHAGAS, RENNAN LOPES"
25930794200,"CADDAH, MAYARA KRASINSKI"
58122825900,"ABDELGHFFAR, EMAN A.R."
56564031400,"MOHAMMEDSALEH, ZUHAIR M."
57874432000,"OSAILAN, RAHA"
24080015100,"ELAIMI, AISHA"
57924941800,"OUCHARI, WAFAE"
55807842600,"ABDELFATTAH, MOHAMED A.O."
25225846100,"MAHMOUD, MONA F."
56913332700,"SOBEH, MANSOUR"
7004826465,"VAN DER WERFF, HENK"
36671065500,"COSTA, RENYER A."
56574619500,"DA SILVA, JONATHAS N."
33267808700,"OLIVEIRA, VIVIANE G."
57222058884,"ANSELMO, LUCAS M."
57222077479,"ARAÚJO, MÍRIAM M."
23010033400,"OLIVEIRA, KELSON M.T."
16425697200,"NUNOMURA, RITA DE CÁSSIA S."
56721174300,"GOUVÊA, PAULA ROMENYA DOS SANTOS"
57192007285,"OLIVEIRA JÚNIOR, SÉRGIO DANTAS DE"
57486311300,"PESSOA, VÍTOR ALVES"
58752472700,"COSTA, CARLA LAIZE DOS SANTOS CRUZ"
26534925000,"SALES-CAMPOS, CECI"
14826417100,"CHEVREUIL, LARISSA RAMOS"
56611758400,"DEMARCHI, LAYON ORESTE"
57209784753,"PIEDADE, MARIA TERESA FERNANDEZ"
57203917297,"GARCIA, M.G."
57222607695,"GOMES, R.F."
57204242892,"OLIVEIRA, L.M."
35772966800,"THOMASI, S.S."
35495479900,"FERREIRA, A.G."
56763376300,"LIMA, M.P."
58062248600,"NETO, CARLOS ALBERTO LIRA DOS SANTOS"
57200105441,"FERREIRA, LEANDRO VALLE"
16028462300,"JARDIM, MÁRIO AUGUSTO GONÇALVES"
58891588100,"SOARES, LARISSA BATISTA DO NASCIMENTO"
58891808400,"JÚNIOR, SÉRGIO DANTAS DE OLIVEIRA"
55336215600,"DE AGUIAR, LORENA VIEIRA BENTOLILA"
57715772000,"DE AGUIAR LIMA, GISELE"
57210523474,"DA SILVA RIBEIRO, RENATO BEZERRA"
57222635348,"GOMES, KARLA MAYARA ALMADA"
56463899900,"XIMENES, LUCAS CUNHA"
57221774919,"DA SILVA CRUZ, GIRLENE"
57976182200,"DUARTE, GERMANA DE VASCONCELOS"
7004066696,"SAMPAIO, PAULO DE TARSO BARBOSA"
57976669200,"RIBEIRO, RUY ALEXANDRE DE SÁ"
57976182300,"SOARES, JOSE JOSIMAR"
57976669300,"MENDONÇA, RANNIER MARQUES"
16643844400,"QUEENBOROUGH, SIMON A."
57148151100,"ALVIA, PABLO"
57200124960,"VALENCIA, RENATO"
57220999581,"DE AZEVEDO FALCÃO, MARCUS JOSÉ"
57695862200,"DA SILVA, GUILHERME SOUSA"
55179462900,"PEDERNEIRAS, LEANDRO CARDOSO"
57213223811,"NETO, SALUSTIANO VILAR COSTA"
58284555800,"RAIANE PASSOS KRAHL, DAYSE"
58284736500,"SCHMAL, PHILIPPE"
58284736600,"FERNANDES DA SILVA, JOÃO BATISTA"
57222586130,"DE CASTRO CANTUÁRIA, PATRICK"
57189997353,"PAZ, ANAT"
23102478200,"GAGEN, EMMA J."
57191487788,"LEVETT, ALAN"
55522309100,"JONES, MICHAEL W.M."
6505988638,"KOPITTKE, PETER M."
6604071121,"SOUTHAM, GORDON"
14321619100,"FERREIRA, SIDNEY ALBERTO DO NASCIMENTO"
14321630600,"GENTIL, DANIEL FELIPE DE OLIVEIRA"
55649570418,"FERREIRA, CARLOS ALBERTO CID"
16026047200,"TORKE, BENJAMIN M."
7404823190,"TAYLOR, CHARLOTTE M."
55857016100,"MALDONADO, CARLA"
57219838343,"BARROS, GABRIEL DE A."
8662392800,"BEZERRA, DANIEL P."
57102600900,"SOARES, MILENA B.P."
23488300800,"COSTA, EMMANOEL V."
57572872200,"TANANTA, VICTOR L."
59130563100,"MARY, Y. SHEENA"
57537549200,"MARY, Y. SHYMA"
57878583900,"S.AL-OTAIBI, JAMELAH"
7005108433,"FLANAGAN, NICOLA S."
58098764200,"NAVIA-SAMBONI, ANDRES"
58098764300,"GONZÁLEZ-PÉREZ, EIMER NORBERTO"
58098363500,"MENDIETA-MATALLANA, HERNAN"
21740981100,"GAMA, JOÃO RICARDO VASCONCELLOS"
57195137908,"DOS SANTOS VIEIRA, DIEGO"
56375219100,"MELO, LIA OLIVEIRA"
57972477900,"OLIVEIRA, MARCIO LELES ROMARCO"
57193419762,"LAFETÁ, BRUNO OLIVEIRA"
11439785800,"ROMERO-GONZÁLEZ, GUSTAVO A."
57437382000,"AYMARD-CORREDOR, GERARDO A."
36238351000,"PASTORE, TEREZA C.M."
54791912300,"BRAGA, LILIAN R."
57222111689,"DA C. KUNZE, DANIELE C.G."
57194556086,"SOARES, LIZ F."
7005991646,"PASTORE, FLORIANO"
57900435800,"DE O. MOREIRA, ALESSANDRO C."
57901051600,"DOS ANJOS, PRISCILA V."
57203508429,"LARA, CAROLINE S."
8514175000,"CORADIN, VERA T.R."
7004881648,"W. B. BRAGA, JEZ"
57218692913,"ALENCAR MENEZES, LEOCILEY R."
54400903800,"DUTRA, LÍVIA M."
7101819169,"PINHEIRO, MARIA LÚCIA B."
56001057200,"LAVOR, ÉRICA M."
56969121300,"SILVA, MARIANA G."
57210153123,"ALVES, CRISTIANE DOS S. C."
56223245200,"ALMEIDA, JACKSON R. G. S."
54796520600,"DA SILVA, FELIPE MOURA A."
34977020900,"KOOLEN, HECTOR H. F."
6506975800,"BARISON, ANDERSSON"
58033631200,"DA COSTA, LEONARDO SOUZA"
57217586268,"DE MORAES, ÂNGELO ANTÔNIO BARBOSA"
57211517694,"CRUZ, JORDDY NEVES"
57205354998,"MALI, SURAJ N."
57941928000,"ALMEIDA, LORENA QUEIROZ"
56678427700,"DO NASCIMENTO, LIDIANE DINIZ"
57214933167,"FERREIRA, OBERDAN OLIVEIRA"
57205650865,"VARELA, EVERTON LUIZ POMPEU"
15843882800,"PERCÁRIO, SANDRO"
56912806800,"DE OLIVEIRA, MOZANIEL SANTANA"
7006101264,"ANDRADE, ELOISA HELENA DE AGUIAR"
36801557200,"GOUVEIA, FERNANDO NUNES"
57220440908,"DA SILVEIRA, MARCELO FONTANA"
21740616600,"GARLET, ALENCAR"
8209890400,"PANSARIN, EMERSON R"
57330056100,"DA SILVA COSTA, DANIEL"
58307288500,"SANDOLI ROSSETTO, ELSON FELIPE"
55255150000,"TERRA ARAUJO, MÁRIO HENRIQUE"
55888396500,"ROSSETTO, ELSON FELIPE SANDOLI"
58990074800,"DE LIMA E SOUZA MESQUITA, GLAUCIA CRISTINA"
58990172800,"DA CRUZ, ELKEJER RIBEIRO"
8552357900,"CORRÊA, DIONE SILVA"
57216382433,"DE BARROS FALCÃO FERRAZ, ALEXANDRE"
57208773705,"MIRI, JÉSSICA MACHADO"
56865751700,"FARIAS, INGRID VICENTE"
6603270966,"REGINATTO, FLÁVIO HENRIQUE"
57194200282,"BOARETTO, FERNANDA BRIÃO MENEZES"
58989569800,"DOS SANTOS, DUANI MARIA"
57222993185,"DA SILVA, JULIANA"
6505927039,"GRIVICICH, IVANA"
6603645297,"PICADA, JAQUELINE NASCIMENTO"
57205485416,"MONTALVÁN, MAYRA"
6504407012,"MALAGÓN, OMAR"
55387251900,"CUMBICUS, NIXON"
58572720900,"TANITANA, FANI"
7801428464,"GILARDONI, GIANLUCA"
6603406462,"ALVERSON, WILLIAM S."
6504042501,"BOVINI, MASSIMO G."
6603470724,"BAUMGRATZ, JOSÉ F.A."
55969282400,"SCALON, VIVIANE RENATA"
6505800874,"DE PAULA-SOUZA, JULIANA"
57195808879,"DE LIMA, ALEXANDRE GIBAU"
7006367719,"SOUZA, VINICIUS CASTRO"
57189693875,"CANETTI, ALINE"
6506070441,"BRAZ, EVALDO MUÑOZ"
9336442300,"DE MATTOS, PATRÍCIA PÓVOA"
57213264251,"BASSO, RENATO OLIVIR"
25031382900,"FILHO, AFONSO FIGUEIREDO"
58704214300,"WAGNER, MARIANA DE ANDRADE"
57218494332,"LUCAS, EVE J."
8557144500,"SOFFIATTI, PATRÍCIA"
57554557800,"CABRAL, WILLIAM SANTOS"
58704516200,"PORTELLA, PAULO RICARDO"
8886111200,"FIASCHI, PEDRO"
57223859777,"ALIAGA, FLAVIO"
57392944700,"ZAPATA-CRUZ, MARIO"
57402022000,"VALVERDE-ZAVALETA, SILVIA ANA"
58622249900,"PERALES-VARGAS, CARLOS"
57438852300,"GIACOMOTTI, JOSÉ"
58622068100,"ORTIZ, LHOUANGELA"
6506711124,"REYNEL, CARLOS"
57204170523,"SCULFORT, OMBELINE"
22835269300,"MCCLURE, MELANIE"
6602658473,"NAY, BASTIEN"
7202700383,"ELIAS, MARIANNE"
23971307600,"LLAURENS, VIOLAINE"
57210274070,"WATTEYN, CHARLOTTE"
56061550500,"SCACCABAROZZI, DANIELA"
6701686533,"MUYS, BART"
23475261500,"REUBENS, BERT"
7102318422,"ACKERMAN, JAMES D."
36025660600,"OTÁROLA, MAURICIO FERNÁNDEZ"
58222776300,"AMADOR, MARIA FERNANDA GUIZAR"
35932226000,"KARREMANS, ADAM P."
57929900400,"CHEOHEN, CAIO FELIPE A.R."
57226193586,"ESTEVES, MARIA EDUARDA A."
57226780318,"GOMES, VINNÍCIUS M.S."
37560929500,"ALLONSO, DIEGO"
57222190636,"DA SILVA, MANUELA L."
8314825200,"DE CARVALHO GONÇALVES, JOSÉ FRANCISCO"
6701765625,"NASCIMENTO, HENRIQUE EDUARDO MENDONÇA"
56480294800,"DA COSTA, KAREN CRISTINA PIRES"
37122211300,"MAIA, JAIR MAX FURTUNATO"
37006277900,"SCHIMPL, FLÁVIA CAMILA"
57194215585,"OLIVEIRA, CARLOS ROCHA"
37104915600,"POLONINI, HUDSON"
7005316356,"MARCUCCI, MARIA CRISTINA"
22982307700,"VIEIRA, RODOLFO P."
58955951800,"SOARES RIBEIRO NOGUEIRA, THALYA"
58956202300,"GONÇALVES CURCINO VIEIRA, MILENA"
58957417400,"RODRIGUES DA SILVA ROBAINA, RENATA"
7007175003,"BRAZ-FILHO, RAIMUNDO"
57209362774,"DA COSTA GONTIJO, DOUGLAS"
7202298061,"BRAGA DE OLIVEIRA, ALAÍDE"
6506332624,"CURCINO VIEIRA, IVO JOSÉ"
57567898900,"MATTOSO, EDUARDO"
55375608400,"DOS ANJOS, CHARLENE S."
55904757100,"BARATA, LAURO"
7004766599,"MARSAIOLI, ANITA J."
57783259700,"DA SILVA ARAÚJO, MARIA ELANNE"
57783425700,"DE NEGREIROS, MAYARA LEAL"
55314394300,"SHIBATA, MARILIA"
57197807443,"BOTELHO, ANDERSON DE SANTANA"
57201457242,"PINHEIRO, WANDSON BRAAMCAMP DE SOUZA"
57244018100,"NETO, JOSÉ RODRIGUES PINHEIRO"
8103577900,"PAMPLONA, SONIA DAS GRAÇAS SANTA ROSA"
57260951600,"DOS SANTOS, KYOUK ISABEL PORTILHO"
57217336347,"SILVA, MILTON NASCIMENTO DA"
35894629600,"ARRUDA, MARA SILVIA PINHEIRO"
56405229500,"CORDEIRO, JOEL M.P."
7102338938,"CHASE, MARK W."
56027912200,"HÁGSATER, ERIC"
55547269500,"ALMEIDA, ERTON MENDONÇA"
57194585690,"COSTA, LUCAS"
56581414300,"SOUZA, GUSTAVO"
57190303313,"NOLLET, FELIPE"
57224133223,"FELIX, LEONARDO P."
57913566800,"LIMA, MAÚCHA FERNANDA MOTA DE"
57218893641,"MASCARENHAS, ADRIANO REIS PRAZERES"
25029237800,"SUSIN, FELIPE"
57913779400,"SILVA, GABRIEL AFONSO DE OLIVEIRA"
16176841200,"STANGERLIN, DIEGO MARTINS"
57221293863,"DE OLIVEIRA, RÉGIS TRIBUZY"
57221291112,"DE CASTRO, LORENA MOTA"
57211326911,"NASCIMENTO, WHENDEL MESQUITA DO"
58650343300,"GOMES, MARIA LETÍCIA DE SOUSA"
56096462600,"DE OLIVEIRA, ROSEANE PINTO MARTINS"
57214226022,"LOBATO, ANA CECILIA NINA"
58651712500,"PEREIRA, CARLOS VICTOR LAMARÃO"
6506914876,"ZANOTTO, SANDRA PATRÍCIA"
57217933404,"ROMEIRO, LUIZA DE ARAÚJO"
57195062392,"DA SILVA, EDILSON FREITAS"
57140120600,"VASCONCELOS, LIZIANE VILELA"
57222496935,"LOPES, KAREN DA SILVA"
7003869425,"CARREIRA, LÉA MARIA MEDEIROS"
24281342200,"GUIMARÃES, JOSÉ TASSO FELIX"
58962490700,"LEROY, MAËVA"
49361091200,"CANDELIER, KÉVIN"
57198357179,"DAMAY, JÉRÉMIE"
57188652278,"BOSSU, JULIE"
57191473842,"LEHNEBACH, ROMAIN"
6508215004,"THÉVENON, MARIE-FRANCE"
7801468401,"BEAUCHÊNE, JACQUES"
57206143965,"CLAIR, BRUNO"
21740494700,"CAIRES, CLAUDENIR SIMÕES"
24390469800,"DETTKE, GRETA ALINE"
55414800400,"GOMES ALVES, E."
55619313852,"TAYLOR, T."
57557816100,"ROBIN, M."
57558586300,"PINHEIRO OLIVEIRA, D."
35345799100,"SCHIETTI, J."
6508373918,"DUVOISIN JÚNIOR, S."
56866304000,"ZANNONI, N."
57217554277,"WILLIAMS, J."
56744967400,"HARTMANN, C."
6507398267,"SCHÖNGART, J."
7005579717,"WITTMANN, F."
23111102500,"KOMURA, DIRCE LEIMI"
6506717866,"WARTCHOW, FELIPE"
55199255000,"CABRAL, TIARA SOUSA"
58077522700,"DA SILVA, RIAN CÍCERO SILVA"
58077798900,"DE MORAIS, PLÍNIO LIMA"
57190018309,"REIS, ALISSON RODRIGO SOUZA"
15727232100,"DO NASCIMENTO, MARIA FÁTIMA"
6508220629,"LAHR, FRANCISCO ANTÔNIO ROCCO"
56281951300,"DA SILVA, MÁRCIO ROGÉRIO"
58651254400,"ALVES, KARINA DE NAZARÉ LIMA"
57207813400,"THOMAS, WILLIAM WAYT"
55992664900,"ENGELS, MATHIAS ERICH"
56223664600,"GIL, ANDRÉ DOS SANTOS BRAGANÇA"
57194798403,"DE LIMA BARROS, ANDRÉ"
57204648814,"DE LIMA, EMILLY J. S. P."
57219975378,"FARIA, JÉSSICA V."
57147470000,"ACHO, LEONARD R. D."
21739562900,"LIMA, EMERSON S."
54796972400,"SOARES, ELZALINA R."
56469146600,"DE LIMA, BRUNA R."
55911154400,"BATAGLION, GIOVANA A."
24586609800,"CARDOZO, NÁLLARET M. DÁVILA"
6602100804,"STRUWE, LENA"
57211278638,"FERREIRA, MARIA JULIA"
57991425200,"BATISTA, CAIO AUGUSTO DOS SANTOS"
57224313290,"COSTA, DANIEL DA SILVA"
7006614520,"CAMARGO, JOSÉ LUÍS CAMPANA"
55806015400,"IRUME, MARIANA VICTORIA"
55418317500,"SOARES, MARIA DE LOURDES DA COSTA"
58084059900,"FILHO, RICARDO LEITE FERREIRA"
56549891900,"BARBERENA, FELIPE FAJARDO VILLELA ANTOLIN"
57221389335,"FU, XIAO-GANG"
57944273300,"LIU, SHUI-YIN"
33368372000,"VAN VELZEN, ROBIN"
55154512900,"STULL, GREGORY W."
57943299300,"TIAN, QIN"
57952132200,"LI, YUN-XIA"
55823875600,"FOLK, RYAN A."
57203081185,"GURALNICK, ROBERT P."
56822063000,"KATES, HEATHER R."
57193097017,"JIN, JIAN-JUN"
36706195000,"LI, ZHONG-HU"
7005723809,"SOLTIS, DOUGLAS E."
7006218396,"SOLTIS, PAMELA S."
16837695100,"YI, TING-SHUANG"
57674162200,"SANTOS, WANESSA OLIVEIRA DOS"
37662193900,"RODRIGUES, ANTONIO MANOEL DA CRUZ"
57191826170,"SILVA, LUIZA HELENA MELLER DA"
57314407300,"AGUIAR, DIEGO LIMA"
57214374967,"JÚNIOR, GERALDO BORTOLETTO"
7801459663,"JANKOWSKY, IVALDO PONTES"
57220891047,"CANDATEN, LUANA"
58738836900,"CAVALCANTE, ANNIE KAROLINE DE LIMA"
57216400193,"KLINGENBERG, DEBORA"
57211678039,"DE SOUZA, ELIAS COSTA"
55319227400,"SURDI, PAULA"
56320208400,"MOUTINHO, VICTOR HUGO PEREIRA"
58342886100,"BOLAÑOS, JOSÉ BERNAL AZOFEIFA"
58094084000,"CAMPOS, FRANK SOLANO"
14070660300,"SILVA, ARACELI PÉREZ"
57214820325,"DA SILVA, DIEGO FERREIRA"
58832821400,"SOUSA, ANTÔNIO KLEITON DE"
57203330602,"BRITO, MARIA VIEIRA DE"
55846013700,"PRUDÊNCIO, RAFAEL DA SILVA"
57202436831,"SOUSA, STEFANY GUIMARÃES"
57217488342,"CARVALHO, ANDRÉ DOS SANTOS"
58830547800,"SILVA, TINO MARCOS LINO DA"
58829642100,"ALMEIDA, VIVIANE PINHEIRO ALVES DE"
58831903900,"SOUSA, JOÃO JANILSON DA SILVA"
59061801000,"GOMES, PAULO ROBERTO CARNEIRO"
58830996400,"MARQUES, RICARDO DE ARAÚJO"
55845433900,"BRITO, TARCISIO VIEIRA DE"
55798246600,"VASCONCELOS, DANIEL FERNANDO PEREIRA"
58829642200,"JUNIOR, ELIAS BORGES DO NASCIMENTO"
56241374800,"OLIVEIRA, MARIA DA CONCEIÇÃO FERREIRA DE"
57209236820,"MAGALHÃES, DIVA DE AGUIAR"
26026786800,"BARBOSA, ANDRÉ LUIZ DOS REIS"
57197769770,"BOANARES, DANIELA"
56720075900,"DA-SILVA, CRISTIANE J."
58757185100,"COSTA, KEILA JAMILLE ALVES"
58756132900,"SALLES, MARINA LUDMILA OLIVEIRA CONOR"
58042633900,"NETO, LUIZ PALHARES"
44861160500,"GASTAUER, MARKUS"
54892883100,"VALADARES, RAFAEL"
58756133000,"MEDEIROS, PRISCILA SANJUAN"
8973247800,"RAMOS, SILVIO JUNIO"
57192365160,"CALDEIRA, CECILIO FROIS"
57192137528,"PRIETO-BENAVIDES, OSCAR O."
6603542241,"STÜRMER, SIDNEY L."
57638531900,"DO NASCIMENTO-CUNHA, ELIANE"
57211587310,"URDÁNIGO-ZAMBRANO, JUAN P."
25936148500,"DA SILVA, KRISLE"
7006723001,"BARBOSA, REINALDO I."
57979104000,"LOPES-NETO, RAIMUNDO BALIEIRO"
57982906800,"NOBRE, ALEXANDRA MONTEIRO"
57189331997,"CABRAL, FERNANDA NUNES"
57983609100,"DE SOUSA, JULIANA HIPÓLITO"
58220864700,"BRITO, LEOMARA PESSOA"
57219090702,"LACERDA, JOSÉ DANTAS ARAÚJO"
57219092498,"SOARES, CINTIA ARAÚJO"
58221744700,"MONTEIRO JÚNIOR, FRANKLIN LUÍS CARLOS"
57219086923,"SOUZA, MAGNO CHAGAS"
58221744800,"FONSECA E SOUZA, ÁUREA IZABEL AGUIAR"
57204120150,"LIMA, CLENES CUNHA"
57205323344,"RODRIGUES, MARCOS"
57203509802,"CASIQUE, JORGEANE V"
37088245100,"DE AGUIAR DIAS, ANA CRISTINA ANDRADE"
6506868810,"MASTROBERTI, ALEXANDRA A"
57095742100,"ANTAR, GUILHERME MEDEIROS"
58199567000,"MERVYN HARLEY, RAYMOND"
57223029137,"FLORIANO BARÊA PASTORE, JOSÉ"
36811786600,"SANO, PAULO TAKEO"
57193671363,"DOS SANTOS, CASSIO RAFAEL COSTA"
57196037404,"WEI, ONG CHIN"
57200418322,"RAZAK, SHAMSUL BAHRI ABD"
56562570900,"DIAS, DAIANNY CORREIA"
55993472600,"KOCH, ANA KELLY"
55815429500,"MEZZONATO-PIRES, ANA CAROLINA"
57218600116,"NASCIMENTO, GABRIELA DA SILVA PEREIRA PASSOS"
23011824700,"GONÇALVES-ESTEVES, VANIA"
55407444800,"BARBIERI FERREIRA MENDONÇA, CLÁUDIA"
57211228087,"GAEM, PAULO HENRIQUE"
57203058266,"FARROÑAY, FRANCISCO"
23110820000,"MAZINE, FIORELLA FERNANDA"
36943253600,"VICENTINI, ALBERTO"
57219239750,"MUNIZA, MAGNO P."
55318882100,"NUNOMURA, SERGIO M."
7202634057,"LIMA, ARLEILSON S."
57219239049,"PATRÍCIA, D.O. DE ALMEIDA"
57219247798,"NUNOMURAA, RITA C.S."
57202299971,"PINTO, RAFAEL HENRIQUE HOLANDA"
57202545947,"MENEZES, EDUARDO GAMA ORTIZ"
57217384894,"FREITAS, LUCAS CANTÃO"
24366871500,"RIBEIRO-COSTA, ROSEANE MARIA"
36174407800,"SILVA JÚNIOR, JOSÉ OTÁVIO CARRÉRA"
57217207912,"CARVALHO JUNIOR, RAUL NUNES"
23987084200,"ALVES-ARAÚJO, ANDERSON"
36238829300,"FERREIRA, MARCOS GONÇALVES"
56767805600,"REZENDE, ALINNE COSTA CAVALCANTE"
6603106546,"ABSY, MARIA LUCIA"
57211580565,"CORREIA, FRANCISCO CILDOMAR DA SILVA"
57207244136,"DE OLIVEIRA, O.L.S."
25032311000,"SOUZA, M.M."
54882601300,"DE MELO, C.A.F."
55940981100,"ZIDKO, ALEXSANDRO"
56395004600,"CORRÊA, MARCOS MELO"
7006933141,"WEBBER, ANTONIO CARLOS"
57218249889,"FERREIRA E FERREIRA, ANA FRANCISCA TIBÚRCIA A."
57218253406,"SILVA, BLENDA N. S."
24766393100,"MOTA, ADOLFO J."
57218244965,"LIMA, JÂNIA LÍLIA S. B."
42263035100,"VALSKO, JEFFERSON JOSÉ"
23670505600,"PETINI-BENELLI, ADARILDA"
55354118800,"YAMAGUCHI, KLENICY K. L."
57191163731,"PEDROSA, TATIANA DO NASCIMENTO"
15020106700,"DE VASCONCELLOS, MARNE CARVALHO"
35568245600,"VEIGA-JUNIOR, VALDIR F."
24475781900,"VÁSQUEZ-BARDALES, JOEL"
57224973621,"VARGAS-ZELADA, YURISA NORELLI"
57224930400,"PINEDO-JIMÉNEZ, JULIO"
57224922010,"GARCÍA-RUIZ, ALBERTO"
57224919998,"VALDERRAMA-FREYRE, HEITER"
57224933008,"RAMÍREZ-HERNANDEZ, JUAN JOSÉ"
57211243038,"DA SILVA, FABIO ARAÚJO"
55992627800,"BONADEU, FRANCISMEIRE"
53863195600,"DE SOUZA, MARIA ANÁLIA DUARTE"
55194516200,"SOBRAL, MARCOS"
22934351400,"GOLDENBERG, RENATO"
36804339500,"MICHELANGELI, FABIÁN A."
36832917300,"COSTA, LUCIANO"
55913398800,"ZAPPI, DANIELA CRISTINA"
57214106299,"BATISTA JUNIOR, WILSON FILGUEIRA"
7102691284,"ALVES, RONNIE CLEY DE OLIVEIRA"
57191220794,"RODRIGUES, TARCÍSIO MAGEVSKI"
7003671809,"GIANNINI, TEREZA CRISTINA"
6701690587,"IMPERATRIZ-FONSECA, VERA LUCIA"
7003816944,"BARTH, ORTRUD MONIKA"
57206186622,"KLEIN, VIVIANE PAGNUSSAT"
57210467419,"FERNANDEZ PIEDADE, MARIA TERESA"
55188691600,"SOUZA, MARIA ANÁLIA DUARTE DE"
54891858900,"SANTOS, MATHEUS F."
57214106014,"VASCONCELOS, CAROLINE C."
56716567200,"ADRIANZÉN, MARISABEL U."
37002419300,"DAMASCO, GABRIEL"
8064157400,"FINE, PAUL V.A."
57196194516,"FRANÇA, LEANDRO P."
26026128500,"RAMOS, ALINE DE S."
25647105200,"FERREIRA, JOSÉ LUIZ P."
57219838310,"MARIA, ANA CLARA B."
57219839580,"ARAUJO, EARLE S."
57204034518,"BRANCHES, ADJANE DALVANA S."
57220832664,"SILVA, JONATHAS N."
57219842864,"SILVA, NOAM G."
16425527600,"CHAVES, FRANCISCO CÉLIO M."
35564204700,"TADEI, WANDERLI P."
35499729300,"SILVA, JEFFERSON ROCHA DE A."
57223180586,"COSTA-COUTINHO, JOXLEIDE MENDES DA"
24576611800,"DA COSTA-NETO, SALUSTIANO VILAR"
55180228900,"AMORIM, BRUNO SAMPAIO"
22957075300,"FANTIN, CLEITON"
57196578732,"ALBUQUERQUE, PATRICIA MELCHIONNA"
37666558900,"YOSHIDA-ARNS, KARLA NORYE"
57203942128,"DE MELLO FRAGA, FERNANDA RIBEIRO"
57211244534,"FREIRE, TALVANIS LORENZETTI"
57195393143,"VITAL, WAGNER D."
51061304100,"TORQUATO, HERON F. V."
56900989600,"JESUS, LARISSA DE OLIVEIRA PASSOS"
57204609484,"JUDICE, WAGNER ALVES DE SOUZA"
57214177220,"SILVA, MARIA FÁTIMA DAS G. F. DA"
7004330275,"RODRIGUES, TIAGO"
6701769810,"JUSTO, GISELLE ZENKER"
14625676800,"VEIGA, THIAGO A. M."
12779237200,"PAREDES-GAMERO, EDGAR J."
57193874133,"CAUZ-SANTOS, LUIZ AUGUSTO"
57195569814,"DA COSTA, ZIRLANE PORTUGAL"
6507873072,"CALLOT, CAROLINE"
57193878042,"CAUET, STÉPHANE"
55634527800,"ZUCCHI, MARIA IMACULADA"
6602310825,"BERGÈS, HÉLÈNE"
7101982470,"VAN DEN BERG, CÁSSIO"
55360032600,"VIEIRA, MARIA LUCIA CARNEIRO"
16744312000,"RODRIGUES, RODRIGO SCHÜTZ"
55414934500,"FLORES, ANDRÉIA SILVA"
57249436700,"DOS SANTOS BARBOSA, TEREZA CRISTINA TORRES"
16027992200,"DE MENDONÇA, MARIA SILVIA"
57250009800,"DOS ANJOS MUNIZ DO NASCIMENTO, LILIAN LOREN"
16317058800,"MORIM, MARLI PIRES"
57198778835,"DE SÁ NUNES, CLEBIANA"
56514036200,"SILVA DA SILVA FILHO, PEDRO JOEL"
57196450129,"DARRAGH, KATHY"
35285668000,"BYERS, KELSEY J. R. P."
23095102300,"MERRILL, RICHARD M."
7004840804,"MCMILLAN, W. OWEN"
7201851300,"SCHULZ, STEFAN"
6603932806,"JIGGINS, CHRIS D."
58097099800,"RODRIGUES, BRENDA LETÍCIA"
55805329900,"BRUZINGA, JOSIANE SILVA COSTA"
16316878900,"MACHADO, EVANDRO LUIZ MENDONÇA"
24461168300,"DE OLIVEIRA, MARCIO LELES ROMARCO"
55705793900,"GIARETTA, AUGUSTO"
57222106969,"DE OLIVEIRA, FELIPE P."
57220183696,"DA C. RODRIGUES, ANA CAROLINA B."
57199995065,"SILVA, VALDENIZIA R."
57212879621,"DE S. SANTOS, LUCIANO"
57204638223,"DA ANUNCIAÇÃO, TALITA A."
57191629353,"NOGUEIRA, MATEUS L."
56596203900,"DIAS, ROSANE B."
57209196460,"GURGEL ROCHA, CLARISSA A."
7005718789,"MAIA, ARTUR CAMPOS D."
57203942443,"GRIMM, CHRISTOPHER"
35564909300,"SCHUBERT, MARIO"
57188826751,"ETL, FLORIAN"
56187568900,"GONÇALVES, EDUARDO GOMES"
6505629611,"DO AMARAL FERRAZ NAVARRO, DANIELA MARIA"
7801627439,"DÖTTERL, STEFAN"
56784297000,"SCATIGNA, ANDRÉ VITO"
57218120624,"SARAIVA, RAYSA VALÉRIA CARVALHO"
57218894178,"COUTO, ARTHUR FILIPE MENDES"
25230469000,"MUNIZ, FRANCISCA HELENA"
56800784500,"AMAZONAS, DIANA R."
57194652260,"OLIVEIRA, CELSO"
15838137500,"TEPE, ERIC J."
7406306098,"KATO, MASSUO J."
6603299241,"MOURÃO, ROSA H. V."
8780177200,"YAMAGUCHI, LYDIA F."
57206759382,"SANTOS, LEIDIANA LIMA DOS"
7101975190,"ANDRADE, ANA"
57188690581,"KOCK, MARIO"
57209412694,"FRESIA, MARVIN"
35276860200,"JONES, PETER G."
55954491100,"LINDEL, THOMAS"
57193953718,"OLIVEIRA-NASCIMENTO, KAUÊ AUGUSTO"
57205890303,"DEARMOND, DANIEL"
55232847900,"ROBERT, RENATO CESAR GONÇALVES"
8062676700,"ARCE, JULIO EDUARDO"
56076039700,"CARVALHO, JOÃO PAULO FIDALGO"
57202057992,"SILVA, AMANDA R."
57192556352,"RESENDE-MOREIRA, LUCIANA C."
55452117700,"CARVALHO, CAROLINA S."
57208118612,"LANES, EDER C. M."
55845960500,"ORTIZ-VERA, MABEL P."
25029813800,"JAFFÉ, RODOLFO"
48161194800,"COSTA-SILVA, RAFAEL"
37104188600,"GIACOMIN, LEANDRO LACERDA"
6603556958,"DE FÁTIMA AGRA, MARIA"
57208340295,"DA SILVA, YASMIN CUNHA"
57200326436,"SILVA, EMILY MARCELE SOARES"
48861102100,"FERNANDES, NILMA DE SOUZA"
57217986080,"LOPES, NATHÁLIA LAMENHA"
7103255470,"ORLANDI, PATRÍCIA PUCCINELLI"
57219294700,"NAKAMURA, CELSO VATARU"
54907541900,"RANDO, JULIANA GASTALDELLO"
14046507400,"DE LIMA, HAROLDO CAVALCANTE"
57217035726,"ALVES, MARCELO"
57200000298,"MARTINS, RENATO TAVARES"
13406805600,"COUCEIRO, SHEYLA REGINA MARQUES"
57213820606,"LIMA, LARISSA GABRIELLY BARBOSA"
57200317515,"MONTENEGRO, JULIA"
56611544300,"DE ABREU, JOEL PIMENTEL"
57194947356,"SANTOS, MILLENA CRISTINA BARROS"
23096847100,"DO NASCIMENTO, TALITA PIMENTA"
57220803786,"SANTOS, MAIARA DA SILVA"
7006675736,"CAMERON, LUIZ CLAUDIO"
7402787503,"FERREIRA, MARIANA SIMÕES LARRAZ"
22136594800,"TEODORO, ANDERSON JUNGER"
7006451632,"SECCO, RICARDO DE S."
56195721600,"DA SILVA, OTÁVIO LUIS MARQUES"
6701568093,"CORDEIRO, INÊS"
57192062734,"COSTA, DEBORAH LUCIANY PIRES"
7102618957,"FURTINI NETO, ANTONIO EDUARDO"
55830906300,"DE SOUZA, FILIPE BITTENCOURT MACHADO"
25029116500,"SOUZA-FILHO, PEDRO WALFIR MARTINS"
7101795131,"SIQUEIRA, JOSE OSWALDO"
6602193350,"GOTTSBERGER, GERHARD"
57212589009,"BASTOS, LÍLIAN M."
57212586617,"DE SOUZA, LEONARD R.S."
57212583081,"SÁ, INGRITY S.C."
57212587909,"MESQUITA, ROCHELLY S.M."
23488234200,"DE SOUZA, AFONSO D.L."
55969532400,"DAVID, HASSAN C."
57194408376,"PIRES, IRAN PAZ"
57210927888,"SANTOS, LUANA S."
57210933915,"BARBOSA, EGLISON S."
57210932408,"BRAGA, NATHALIA S."
57219746081,"MENDES, JONE CLEBSON RIBEIRO"
13204222600,"DO ROSÁRIO, ALESSANDRO SILVA"
41860953600,"BIGIO, NARCÍSIO C."
57192832795,"PEREIRA-SILVA, RAFAELA ALVES"
15048271100,"DE MELO, MARIA FATIMA F."
57224925316,"DOS SANTOS, JOÃO UBIRATAM M."
57224933273,"DA SILVA, KAROLINE CASTRO"
57218598067,"FERREIRA FILHO, RICARDO LEITE"
16175184100,"HIGASHIKAWA, EMÍLIO MANABU"
57204073912,"BRASIL, MARIA MARCELA ORTIZ"
7003951105,"MAGNUSSON, WILLIAM ERNEST"
57222580983,"CRUZ, LOARENA LEAL"
25936451300,"NAKAJIMA, NELSON YOSHIHIRO"
57222576293,"DA SILVA, RENILDO MEDEIROS"
35731458600,"HOSOKAWA, ROBERTO TUYOSHI"
22634023400,"JARDIM, FERNANDO CRISTÓVAM DA SILVA"
15025795800,"CORTE, ANA PAULA DALLA"
57194689601,"DE SOUZA PEREIRA, ANDREZA STEPHANIE"
55706745500,"CASTELLO, ANA CAROLINA DEVIDES"
7005778076,"SIMÕES, ANDRÉ OLMOS"
36944857500,"KOCH, INGRID"
57212494823,"DE SÁ HYACIENTH, BEATRIZ MARTINS"
57188758026,"SÁNCHEZ-ORTIZ, BRENDA LORENA"
57212495938,"PICANÇO, KARYNY ROBERTA TAVARES"
57224850325,"PEREIRA, ARLINDO CÉSAR MATIAS"
57212491930,"DE SÁ HYACIENTH, DANILO CABRAL"
57194265101,"DE SOUZA, GISELE CUSTÓDIO"
57212495544,"RODRIGUES SARQUIS, ROSÂNGELA DO SOCORRO FERREIRA"
57212496197,"ADUANGA, GLÓRIA MELISA GONZALES"
7005581815,"NAVARRETE, ANDRÉS"
57225198797,"CARVALHO, JOSÉ CARLOS TAVARES"
57214227639,"TAVARES PICANÇO, KARYNY ROBERTA"
57214226669,"BARROS SILVA, LUCIANE"
57204085983,"MATIAS PEREIRA, ARLINDO CÉSAR"
57214230784,"MACHADO GÓES, LARISSA DANIELE"
57214223417,"SOUSA BORGES, RAPHAELLE"
57214230262,"CARDOSO ATAÍDE, RODRIGO"
56018177100,"DOS SANTOS, CLEYDSON BRENO RODRIGUES"
57191573050,"DE OLIVEIRA CARVALHO, HELISON"
57214222026,"GONZALEZ ANDUAGA, GLORIA MELISA"
36104083700,"FERREIRA, ALESSANDRO WAGNER COELHO"
54944324500,"FRANKEN, EVELYN PEREIRA"
56449298700,"DE OLIVEIRA PERDIZ, RICARDO"
43061396700,"BORGES PRATA, EDUARDO MAGALHÃES"
57195608301,"JUNIOR, EARLE SILVA A."
57204033358,"BEZZERA, DANIEL P."
57196925906,"NIU, YING-FENG"
56937170900,"HU, YAN-SHI"
57199292779,"ZHENG, CHENG"
57199259235,"LIU, ZI-YAN"
57196290264,"LIU, JIN"
55255652700,"PINTO, RAFAEL BARBOSA"
55969454900,"DA SILVA, MARCOS JOSÉ"
35606519100,"DE AZEVEDO TOZZI, ANA MARIA GOULART"
6507353478,"FREITAS MANSANO, VIDAL DE"
57222105567,"DE BRITO, JOSÉ ASSIS GOMES"
57226630156,"PINTO, LUCIANO DA SILVA"
57222110662,"CHAVES, CINTIA FOLLY"
35570766200,"DA SILVA, ANTÔNIO JORGE RIBEIRO"
7402847731,"DA SILVA, MARIA FÁTIMA DAS GRAÇAS FERNANDES"
25947224700,"COTINGUIBA, FERNANDO"
26532952000,"KAMEYAMA, CÍNTIA"
57221106659,"PEREIRA, ALESSANDRA ALVES"
57188981640,"LIMA, MICHAEL DOUGLAS ROQUE"
57218877236,"PATRÍCIO, EVELYM POLIANA SANTOS"
57218875717,"NUMAZAWA, SUEO"
25228265300,"GOULART, SELMA LOPES"
57195195560,"DE PAULA PROTÁSIO, THIAGO"
57194036410,"CARTER, KELSEY R."
8592615300,"WOOD, TANA E."
12772479800,"REED, SASHA C."
57223828956,"SCHWARTZ, ELSA C."
57223827921,"REINSEL, MADELINE B."
57203279231,"YANG, XI"
6602422447,"CAVALERI, MOLLY A."
57191909600,"ROCHA, LILIEN CRISTHIANE FERNEDA"
57201498463,"DE CAMARGO SMIDT, ERIC"
7403018820,"HANSEN, BRUCE F."
7401856833,"MORALES, J. FRANCISCO"
57203585735,"CHINCHILLA, ISLER F."
59078933300,"SANTOS, ALESSANDRA DOS"
56233235400,"GAGLIOTI, ANDRÉ LUIZ"
7801640351,"ROMANIUC-NETO, SERGIO"
56146770400,"SOARES-LOPES, CÉLIA REGINA ARAÚJO"
57220749872,"DA COSTA, DEIVID LUCAS DE LIMA"
57220751651,"ROCHA JUNIOR, JOSÉ ANTÔNIO LIMA"
57219696734,"BRAGA, MARCELO MENDES"
57219701375,"MATOS, THAYRINE SILVA"
57219697607,"DE ANDRADE, GABRIELE MELO"
57219697401,"DA SILVA FERREIRA, PÂMELA"
57219700692,"SILVA, MARTA CÉSAR FREIRE"
36133421300,"DE SOUZA, FERNANDA ILKIU BORGES"
56104464100,"DE LIMA MELO, LUIZ EDUARDO"
57218903428,"MORALES-JADÁN, DIANA"
36195206300,"BLANCO-SALAS, JOSÉ"
57210322593,"RUIZ-TÉLLEZ, TRINIDAD"
6603692768,"CENTENO, FRANCISCO"
55358793400,"DE MELO, EFIGENIA"
6504363323,"CID FERREIRA, CARLOS ALBERTO"
6507855743,"GRIBEL, ROGÉRIO"
35230865500,"SOUZA, DIEGO P."
36473901500,"PIMENTEL, RENAH B.Q."
7402214016,"SANTOS, ALBERDAN S."
7201781571,"FERNANDES, ANDREIA V."
7202452435,"OLIVEIRA, JOSÉ T.A."
7203081988,"RAMOS, MARCIO V."
6701407912,"RATHINASABAPATHI, BALA"
57189701620,"CHAVES, SOANE KALINE MORAIS"
57214086207,"AFZAL, MUHAMMAD INAM"
58831074400,"ISLAM, MUHAMMAD TOREQUL"
56315418100,"HAMEED, ANEELA"
57189049348,"DA MATA, ANA MARIA OLIVEIRA FERREIRA"
38662222700,"DA SILVA ARAÚJO, LIDIANE"
35253469100,"ALI, SHINAWAR WASEEM"
55931750000,"ROLIM, HERCÍLIA MARIA LINS"
42961296400,"DE MEDEIROS, MARIA DAS GRAÇAS FREIRE"
55117999700,"SALEHI, BAHARE"
57203415019,"MARTINS, NATÁLIA"
54977775300,"ARIF, ATTA MUHAMMAD"
58856300800,"IMRAN, MUHAMMAD"
56022647300,"SHARIFI-RAD, JAVAD"
43361139800,"DE CARVALHO MELO-CAVALCANTE, ANA AMÉLIA"
14015584800,"FEITOSA, CHISTIANE MENDES"
55806311900,"MEDEIROS, HERISON"
55745368200,"LOPES, JENIFER DE CARVALHO"
55972618900,"ACEVEDO-RODRÍGUEZ, PEDRO"
6507791384,"FORZZA, RAFAELA CAMPOSTRINI"
57214315118,"ALENCAR, J.B.R."
7004174244,"DA FONSECA, C.R.V."
26433143300,"BACCARO, F.B."
57210949578,"BENTO, M.M.F."
59097287800,"RIBEIRO, J.M."
57218843275,"ROMERO, FLORA MAGDALINE BENITEZ"
6504288272,"JACOVINE, LAÉRCIO ANTÔNIO GONÇALVES"
17135847700,"RIBEIRO, SABINA CERRUTO"
36872451600,"NETO, JOSÉ AMBROSIO FERREIRA"
56033463100,"FERRANTE, LUCAS"
57195470222,"DA ROCHA, SAMUEL JOSÉ SILVA SOARES"
48561825600,"TORRES, CARLOS MOREIRA MIQUELINO ELETO"
57217088712,"DE MORAIS JUNIOR, VICENTE TOLEDO MACHADO"
36713524400,"DE OLIVEIRA GASPAR, RICARDO"
57219609574,"VELASQUEZ, SANTIAGO IVAN SAGREDO"
7102685746,"VIDAL, EDSON"
16176346100,"STAUDHAMMER, CHRISTINA LYNN"
7006700988,"FEARNSIDE, PHILIP MARTIN"
57197728630,"FREITAS, L.V.D."
57197730043,"MONTES, A.C.R."
57203813767,"CAMPOS, E.I.A."
15819125500,"CONCEIÇÃO, E.C."
16551160700,"TACON, L.A."
6505522751,"LANCHOTE, A.D."
7006849501,"FREITAS, L.A.P."
57461900900,"PIMENTEL, THALLES SANTIAGO"
57205130085,"WIMMER, PETER"
57461623500,"DE CARVALHO, HELDER RESENDE"
57461901000,"ROITMAN, LUCIANO"
6506381772,"DEL MENEZZI, CLÁUDIO HENRIQUE SOARES"
55956718500,"LEME, ELTON M. C."
8732457800,"GRANT, JASON R."
57214131360,"LOPES, KAREN DA SILVA"
57214109302,"SILVA, DELMO FONSECA DA"
7003651821,"BABIYCHUK, ELENA"
57212144060,"TEIXEIRA, JULIANA GALASCHI"
57195323515,"TYSKI, LOURIVAL"
56581359600,"DOS SANTOS, JORGE FILIPE"
37018797400,"VASCONCELOS, SANTELMO"
57195323040,"DA SILVA, DELMO FONSECA"
24821817100,"CASTILHO, ALEXANDRE"
7004545915,"KUSHNIR, SERGEI"
57216296521,"E SOUSA, WILZA CARLA SANTOS"
57216301561,"BARBOSA, LUCAS DE JESUS"
57188848595,"SOARES, ALVARO AUGUSTO VIEIRA"
55653985900,"MITRE, SIMONE K."
57200013640,"SILVA, JOYCE R."
56267565400,"OLIVEIRA, GUILHERME"
57247950600,"DE MENEZES, ALEXANDRA BEZERRA"
57214244589,"FIGUEIREDO, SYMONE MARIA DE MELO"
57204781400,"E SOUZA, ÁUREA IZABEL AGUIAR FONSECA"
36634491100,"KOHLER, SINTIA VALERIO"
57219095962,"PAIA LIMA, GEAN CARLOS"
57201295105,"DOS ANJOS, LUCIANO JORGE SEREJO"
57219091782,"BORGES, RAYSA PALHETA"
55253997400,"DA CRUZ, WILTON PIRES"
54883686600,"EBLING, ANGELO AUGUSTO"
57210899027,"KRENITSKY, AMANDA"
57210893539,"RAMSAUER, KELLEY"
6507252692,"HOSSLER, ERIC"
7004123245,"MOWAD, CHRISTEN"
57193846734,"JUNIOR, GUERINO BANDEIRA"
56765328800,"DE FREITAS SOUZA, CARINE"
55711055800,"BALDISSERA, MATHEUS DELLAMÉA"
57200564784,"DESCOVI, SHARINE NUNES"
56387422400,"DA SILVEIRA, BIBIANA PETRI"
56697999000,"TASCA, CAIANE"
6602591393,"DE VARGAS, AGUEDA PALMIRA CASTAGNA"
6701599798,"BALDISSEROTTO, BERNARDO"
55823943500,"DE LÍRIO, ELTON JOHN"
6602092602,"BITTRICH, VOLKER"
7006683766,"DO AMARAL, MARIA DO CARMO ESTANISLAU"
57190740751,"SÁ, RAMON RODRIGUES"
57190743115,"MATOS, RAFAEL AMORIM"
57195104027,"SILVA, VAGNER CARDOSO"
57194021739,"DA CRUZ CALDAS, JAMILE"
57194013880,"DA SILVA SAUTHIER, MARIA CELESTE"
8545602300,"DOS SANTOS, WALTER NEI LOPES"
26660951400,"MAGALHÃES, HEMERSON IURY FERREIRA"
55758727600,"DE FREITAS SANTOS JÚNIOR, ANÍBAL"
57200574540,"MARTINS, WALMER BRUNO ROCHA"
57209398207,"PINTO, AFONSO RANIERY GOMES"
57200577728,"DA COSTA, JÉSSICA SARAIVA"
56094575200,"CASTRO, TATIANA DA CUNHA"
56943262700,"PEIXOTO, HERBENYA"
57130832500,"ROXO, MARIANA"
57200986005,"SILVA, EMERSON"
57207574645,"VALENTE, KARLA"
56306485400,"BRAUN, MARKUS"
57190302261,"WANG, XIAOJUAN"
7005139661,"WINK, MICHAEL"
57198761637,"ROCHA, KEILA CRISTINA DE JESUS"
36554763200,"MEYER, FABRÍCIO SCHMITZ"
6507901760,"JÚNIOR, GERALDO BORTOLETTO"
55805943500,"DE CASTRO, VINICIUS RESENDE"
56346944800,"BRITO, FLÁVIA MARIA SILVA"
57210207157,"BERGER, MATHEUS DA SILVA"
7006225492,"ZANUNCIO, JOSÉ COLA"
57204187889,"PEREIRA, KEITI MENDES"
7403264549,"GARCIA, ROSILEI APARECIDA"
57204188500,"DO NASCIMEN, ALEXANDRE MIGUEL"
57196196211,"AZEVEDO, SIDNEY G."
57196191412,"MAR, JOSIANA M."
57201129922,"DA SILVA, LAIANE S."
24597773400,"MACHADO, MARCOS B."
57201128266,"BEZERRA, JAQUELINE DE A."
57197521497,"DOS SANTOS, AMANDA L."
54880134500,"SANCHES, EDGAR A."
7101957855,"BERRY, PAUL E."
57201904891,"MATUSZAK-RENGER, SABINE"
14049282500,"PAULE, JURAJ"
56883950800,"HELLER, SASCHA"
57201912607,"STEINBEISSER, GERARDO M."
8741137300,"BARFUSS, MICHAEL H. J."
55904249700,"ZIZKA, GEORG"
55815516700,"CRUZ, ANA PAULA OLIVEIRA"
55209705800,"SANTOS, JOÃO UBIRATAN"
42061363500,"DE MOURA, YHASMIN MENDES"
7006071339,"GALVÃO, LÊNIO SOARES"
15841308100,"HILKER, THOMAS"
57208292948,"WU, JIN"
6602315637,"SALESKA, SCOTT"
54794137600,"DO AMARAL, CIBELE HUMMEL"
7402428134,"NELSON, BRUCE WALKER"
57202747671,"LOPES, ALINE PONTES"
57195258105,"WIEDEMAN, KENIA K."
57148531400,"PROHASKA, NEILL"
11439379000,"DE OLIVEIRA, RAIMUNDO COSME"
56437905400,"MACHADO, CAROLYNE BUENO"
9279986800,"ARAGÃO, LUIZ E.O.C."
57198109646,"ABBOTT, J. RICHARD"
8690404000,"NEUBIG, KURT M."
7006324469,"WHITTEN, W. MARK"
59113929000,"MASCARENHAS, RENATA B."
57193541294,"MOTA, MICHELLE CHRISTINE ALMEIDA"
57192573635,"DE OLIVEIRA MOTA, NARA FURTADO"
57197764621,"ALVES GOMES, FERNANDA TORLANIA ALVES"
16232403500,"BOLETI, ANA PAULA DE ARAUJO"
55199241800,"LEANDRO, LIDIAM M."
57197760844,"SQUINELLO, DIEGO"
57192545667,"ARANHA, ELLEN S.P."
6602130431,"COS, PAUL"
56480497700,"AZAMBUJA, RAFAEL DA ROSA"
36911665100,"PARCHEN, CARLOS FREDERICO ALICE"
23995417400,"IWAKIRI, SETSUO"
54949825200,"REZENDE, RENAN DE SOUZA"
13806594800,"GONÇALVES, JOSÉ FRANCISCO"
35092902600,"LOPES, ALINE"
7004139928,"PIEDADE, MARIA TERESA FERNANDEZ"
57198515829,"CAVALCANTE, HELOIDE DE LIMA"
55143102700,"HAMADA, NEUSA"
7006381757,"GUIMARÃES, ELSIE FRANKLIN"
37072099300,"DA SILVA, NÍLBER GONÇALVES"
57203946517,"DOS SANTOS MENDES, THALITA"
57196451802,"BALBONI, BRUNO M."
57205367668,"DA SILVA, TARCILA S."
57192303163,"ANDRADE, FERNANDO W. C."
35322834300,"DE FREITAS, LUCAS J. M."
17635323000,"MARQUES, RICARDO A."
57200529677,"GOMES, AKENATON O.C.V."
57200531633,"DE BRITO, MARIA V."
57200531193,"DOS SANTOS, ANA L.P."
57200523485,"DA SILVA, GLADYANE S."
57194270887,"DE LIMA, LEANDRO B."
7102392845,"NUNES, FÁTIMA M."
7003497347,"DE MATTOS, MARCOS C."
57200529004,"DE OLIVEIRA, FÁTIMA C.E."
55183664800,"DO Ó PESSOA, CLÁUDIA"
7103205179,"DE MORAES, MANOEL O."
57193798827,"DE FÁTIMA, ÂNGELO"
56579791600,"FRANCO, LUCAS L."
56754511900,"SILVA, MARINA DE M."
57194054968,"DANTAS, MARIA DAYANNE DE A."
8911742100,"SANTOS, JOSUÉ C.C."
55181182500,"FIGUEIREDO, ISIS M."
57188718908,"DA SILVA-JÚNIOR, EDEÍLDO F."
11540585000,"DE AQUINO, THIAGO M."
8502202900,"DE ARAÚJO-JÚNIOR, JOÃO X."
14828705900,"DE OLIVEIRA, MARIA C.F."
7006219520,"LESLIE GUNATILAKA, A.A."
57196739828,"REIS, AGIRLAYNE DE SOUZA"
57201684537,"BRITO, DANIEL"
15821902600,"FREITAS, CLÉVERSON D. T."
57194948099,"PORFIRIO, CAMILA T. M. N."
55212446100,"LOBO, MARINA D. P."
57657471200,"MONTEIRO-MOREIRA, ANA CRISTINA O."
36851970600,"SOUZA, LUIZ A. C."
57192206049,"ROSA, S.A."
57202914402,"DE MOURA, CLAPTON OLIMPIO"
34768087000,"OLIVEIRA, REGINA CÉLIA"
53664084600,"MIGUEL, LAILA M."
54793632700,"SOBRADO, SANDRA V."
15760854700,"SALAS, ROBERTO M."
55818148000,"DA COSTA-LIMA, JAMES LUCAS"
21741498900,"LOIOLA, MARIA IRACEMA BEZERRA"
35748495200,"E SILVA, BRENO MARQUES DA SILVA"
57194606448,"E SILVA, CAMILA DE OLIVEIRA"
7005624032,"MÔRO, FABIOLA VITTI"
7103235756,"VIEIRA, ROBERVAL DAITON"
57196150194,"REIS, LUCIANE PEREIRA"
23992127200,"ALVES JÚNIOR, MIGUEL"
57196150983,"DE CARVALHO, JOSIANE CELERINO"
57196152685,"DA SILVA, JHONATA RIBEIRO"
55949449900,"RADOSAVLJEVIC, ALEKSANDAR"
6507412675,"FRAGA, CLAUDIO N."
55666671100,"AYMARD, GERARDO"
6602403789,"STEHMANN, JOÃO R."
57200631833,"AZEVEDO FERNANDES, GÉSSICA ELAINE"
7006803972,"NASCIMENTO, MARCELO TRINDADE"
35725436800,"DEXTER, KYLE G."
41561051300,"DE CASTILHO, CAROLINA VOLKMER"
35076959300,"DA SILVA CARVALHO, LIDIANY CAMILA"
6602186342,"VILLELA, DORA MARIA"
55665888800,"KINOSHITA, LUIZA"
7006677012,"GIULIETTI, ANA MARIA"
26536722300,"RODRÍGUEZ, LEYDA"
55665437100,"HOKCHE, OMAIRA"
29667468600,"COLONNELLO, GIUSEPPE"
55665415700,"VARELA, CARLOS"
57204665114,"SÁ SANTOS, MARCELA MONA"
57204664011,"DA SILVA, FILIPE MIGUEL PEREIRA"
55507028400,"DA SILVA, JULIANA FONSECA MOREIRA"
6603347120,"PIMENTA, RAPHAEL SANZIO"
57196089282,"SOARES, LIVIANE N."
26421386000,"MAIA, BEATRIZ H.L.N.S."
7102759924,"MARQUES, FRANCISCO A."
57192811895,"SOUSA, IRAN L."
57038894000,"GALAVERNA, RENAN S."
45161530100,"HEERDT, GABRIEL"
6603356349,"MORGON, NELSON H."
57194616836,"VIANA, SIMONE SILVA"
36631871400,"DOS SANTOS, JOÃO UBIRATAN MOREIRA"
57200736557,"WATANABE, MAURÍCIO TAKASHI COUTINHO"
57191729555,"DOS SANTOS, FERNANDO MARINO GOMES"
16836112800,"FLEISCHMANN, ANDREAS"
55969197400,"COSTA, SUZANA M."
7202147068,"HOPKINS, MICHAEL"
7801511270,"BERNACCI, LUÍS CARLOS"
26324795200,"BOELTER, CARLOS RENATO"
56096256700,"BATISTA, ANDERSON PEDRO BERNARDINA"
56097642700,"DA SILVA, DIEGO ARMANDO SILVA"
36544552700,"TRIANOSKI, ROSILANI"
56449221300,"JUIZO, CLAUDIO GUMANE FRANCISCO"
57204457481,"BILCATI, GÉSSICA KATALYNE"
55115624800,"GONÇALVES, THAIS"
56798287900,"DA ROCHA, WILMA RAIANNY VIEIRA"
36239716600,"DA SILVA ALVES, HARLEY"
6506611023,"CATÃO, RAÏSSA MAYER RAMALHO"
56797635400,"NUNES, LUANNE EUGÊNIA"
57209692352,"DA NÓBREGA, BALDOÍNO SONILDO"
6603402488,"DE OLIVEIRA CHAVES, MARIA CÉLIA"
55804545100,"NUMA, STEPHANIE"
57195503255,"RODRÍGUEZ-COY, LORENA"
55504189100,"RODRÍGUEZ, DANIEL"
24390773800,"COY-BARRERA, ERICSSON"
36609215900,"RIBEIRO, REGINALDO VICENTE"
57193764372,"BIESKI, ISANETE GERALDINI COSTA"
37118565500,"BALOGUN, SIKIRU OLAITAN"
7006093336,"MARTINS, DOMINGOS TABAJARA DE OLIVEIRA"
57206781678,"DOS SANTOS, RONALDO OLIVEIRA"
57206783673,"SOARES, RUBIENE NETO"
57206770652,"PIMENTEL, MICKELLY PAULA QUEIROZ"
56463799500,"DE ABREU, JADSON COELHO"
57201094359,"DE LIMA, ROBSON BORGES"
57192237680,"OTTONI-BOLDRINI, BIANCA M. P."
57158795100,"CAMPOS, CLAUDIMIR M."
57188830258,"SILVA, JEFERSON O."
55362982600,"MEIRA, CÁSSIO S."
55640485000,"MENEZES, LEOCILEY R. A."
57190385193,"DOS SANTOS, TATIANA B."
56035294100,"MACEDO, TAÍS S."
55881980500,"FONTES, JOSÉ E. N."
55376008900,"DA SILVA, THANANY B."
56613338100,"TEIXEIRA GUIMARÃES, ELISALVA"
7203087038,"SOARES, MILENA B. P."
57194597562,"VIEIRA DA ROCHA, WILMA RAIANNY"
55189476600,"CHAVES, MARIA CÉLIA DE OLIVEIRA"
57195474304,"POMBO, MAIHYRA M."
57218981716,"JOHNSON, DAVID M."
6603262508,"CHATROU, LARS W."
6508202851,"WURDACK, KENNETH J."
55164145600,"FERRUCCI, M. SILVIA"
57211777021,"JOHNSON, GABRIEL"
57217342477,"DIAS, PEDRO"
55161607800,"COELHO, RUBENS G."
6506813625,"SOMNER, GENISE V."
6602868060,"STEINMANN, VICTOR W."
7102208849,"ZIMMER, ELIZABETH A."
7101816625,"STRONG, MARK T."
55190054800,"LIMA, NERILSON M."
57204096584,"CURSINO-HRON, LORENA M."
57198126928,"LIMA, ALITA M."
35613780400,"SOUZA, JOÃO V.B."
59037778900,"DE OLIVEIRA, ANDRÉ C."
57147359700,"MARINHO, JANE V.N."
7101931731,"NUNEZ, CECILIA V."
57193548859,"DE ANDRADE, EVA SANTOS"
57193547512,"GARCIA, SILVANA DOS SANTOS CARVALHO"
6602189447,"ALBERNAZ, ANA LUISA KERTI MANGABEIRA"
57193549107,"FILLHO, MARIO TOMAZELLO"
35072480700,"DE OLIVEIRA CHAGAS, EARL CELESTINO"
21833739200,"BASTOS, MARIA DE NAZARÉ DO CARMO"
57197732082,"NASCIMENTO, NAIARA C.F."
57200303090,"AIRES, LORENA D.A."
57203052859,"PFISTER, JAMES A."
35765378800,"MEDEIROS, ROSANE M.T."
7006691882,"RIET-CORREA, FRANKLIN"
36730066300,"MENDONÇA, FÁBIO S."
57189341636,"ROME, MAXIME"
6507745191,"COPPENS D'EECKENBRUGGE, GEO"
57198783731,"DE SOUZA REIS, AGIRLAYNE"
55353966600,"DA ROCHA, ANTÔNIO ELIELSON SOUSA"
56829962800,"SILVA, CHRISTIAN"
7103158135,"OLIVEIRA, REYJANE PATRÍCIA"
57201726648,"OGERON, CLÉMENCE"
15926113900,"ODONNE, GUILLAUME"
57126259200,"CRISTINOI, ANTONIA"
35261413600,"ENGEL, JULIEN"
6506970224,"GRENAND, PIERRE"
55247758100,"DAVY, DAMIEN"
36131150400,"GOMES, JAQUELINE MACEDO"
36772151500,"RAMOS, EDSON MARCOS LEAL SOARES"
7201697722,"THOMPSON, IAN SAMUEL"
8659599000,"YU, QUAN-YOU"
8659598400,"FANG, SHOU-MIN"
55071392500,"ZHANG, ZE"
6507916770,"CHAUTEMS, ALAIN"
35558190600,"DE ARAUJO, ANDRÉA ONOFRE"
57203937984,"MAIA, ISABELE CARVALHO"
36672624100,"CORNELIO, VIVIAN ESTEVAM"
23089951300,"DE MORAES, MARCELA CRISTINA"
26431924400,"DOMINGUES, VANESSA DE CASSIA"
55796010400,"FERNANDES, JOÃO BATISTA"
7003731118,"CASS, QUEZIA BEZERRA"
7004566786,"VIEIRA, PAULO CEZAR"
57196152282,"DOS SANTOS, ÉVERTON RENAN Q."
54978285700,"MAIA, CRISTIANE SOCORRO F."
56512370400,"FONTES JUNIOR, ENÉAS A."
55915727100,"MELO, ADEMAR S."
36724096900,"PINHEIRO, BRUNO G."
15130100700,"MAIA, JOSÉ GUILHERME S."
55943892300,"CASTRO, VINICIUS"
7003879766,"ENDRESS, PETER K."
7202628016,"STEVENS, PETER F."
55902810700,"FRAZÃO, ANNELISE"
12242989100,"LOHMANN, LÚCIA G."
57201427827,"SILVA, AMANDA S."
57201417530,"LOBATO, WALDINETE F. F."
36834370500,"SILVA, LENISE L."
36515724700,"TONI, CÂNDIDA"
7202198035,"SILVA, LENISE V. F."
57194704363,"HINOSHITA, LUCAS KATSUMI ROCHA"
57195322213,"DIAS, MARIANA COSTA"
57195321494,"CARVALHO-FILHO, NELSON"
57193003806,"NUNES, GISELE LOPES"
55791118900,"DE SOUSA BRANDÃO, ALESSANDRA DANIELE"
23093899700,"FARIAS, PAULO ROBERTO SILVA"
36662214800,"FIRMINO, A.L."
12808258400,"BEZERRA, J.L."
7004644592,"PEREIRA, O.L."
57201322218,"GUESDON, ISABEL REIS"
7006426787,"AMORIM, ANDRÉ MÁRCIO"
8879128200,"MEIRA, RENATA MARIA STROZI ALVES"
56044794900,"VERLOOVE, FILIP"
36879821600,"TUCKER, GORDON"
56954622400,"BARBOSA, TIAGO D. M."
56766050900,"TRAD, RAFAELA J."
36337771000,"BAJAY, MIKLOS M."
57211584232,"SANTOS, T.F."
57214243554,"CABELLO, N.B."
57204067662,"ROCHA, PABLO R. N."
57196356081,"DE FREITAS, FLÁVIO A."
35319586400,"ANGOLINI, CÉLIO F. F."
57190134320,"VASCONCELOS, LUCAS-SMITH F."
57190135009,"DA SILVA, ALAÍDE L. B."
7005119089,"EBERLIN, MARCOS N."
23135967700,"SOARES, PATRÍCIA K."
7006470143,"MAYO, SIMON J."
56514781900,"DE CARVALHO, RANGEL BATISTA"
56768209300,"DO SOCORRO SERRA GAMA, THÁLIA"
14218875800,"DEMARCO, DIEGO"
53163278700,"DE ANDRADE AGUIAR-DIA, ANA CRISTINA"
6506167489,"ILKIU-BORGES, ANNA LUIZA"
56538656800,"ZARATE GOMEZ, RICARDO"
56538604500,"MORI VARGAS, TONY JONATAN"
7202326132,"RAMIREZ AREVALO, FREDY FRANCISCO"
56538688200,"DAVILA DOZA, HILDA PAULETTE"
56538640900,"GALLARDO GONZALES, GEORGE PEPE"
56538630900,"COHELLO HUAYMACARI, GEANCARLO"
56104450600,"SILVA, FLÁVIA ALESSANDRA PINHEIRO DA ROCHA CORDEIRO"
55232517300,"SANTOS, ADRIANA DA SILVA"
56368448300,"MENDONÇA, SABINA DESSARTRE"
57027261500,"DOS SANTOS, GABRIELA CARMELINDA MARTINS"
55875929100,"FERNANDES, RENATA DUARTE"
57016444100,"BARROS, TARCILA ROCHA"
6602595779,"ABREU, HEBER DOS SANTOS"
21741316100,"SUZART, LUCIANO RAMOS"
7101893390,"DE CARVALHO, MÁRIO GERALDO"
6506960697,"MARINHO, BRUNO GUIMARÃES"
26432897100,"SEVERINO, VANESSA GISELE PASQUALOTTO"
56585410500,"MONTEIRO, AFIF FELIX"
24338496900,"LUCARINI, RODRIGO"
56585111700,"MARTIN, CARLOS HENRIQUE GOMES"
24553652000,"CARVALHO-SILVA, MICHELINE"
24553661500,"CÂMARA, PAULO E. A. S."
55941113600,"CAMPOS, JEFFERSON DE MELO"
55941015600,"HIURA, ALICE DE LIMA"
55263229600,"DE ALMEIDA, RICHARDSON A."
56642674000,"DA SILVA FILHO, FRANCINALDO A."
56642551900,"CORRÊA, WALLACE R."
57550715400,"SALVADOR, MARCOS J."
54796521000,"DE SOUZA, ANTONIA Q.L."
29367473700,"CURSINO, LORENA M.C."
7004714368,"MURILLO, RENATO"
56276868900,"MERFORT, IRMGARD"
6603927612,"HUMAR, MATJAZ"
35083063900,"BENTO, JOÃO FRANCISCO"
6507126327,"NOLETO, GUILHERMINA RODRIGUES"
6506030101,"DE OLIVEIRA PETKOWICZ, CARMEN LÚCIA"
6701654724,"PRENNER, GERHARD"
24376377600,"CARDOSO, DOMINGOS"
6701585249,"DE QUEIROZ, LUCIANO P."
56248401300,"CABRAL, ELSA L."
24461606400,"LIMA, RENATA B. S."
58749311400,"ROCHA SILVA, LUIZ F."
16425746900,"MELO, MARCIA R. S."
59106150800,"COSTA, JAQUELINE S."
13405864700,"PICANÇO, NEILA S."
57007580500,"SANTOS, JAKELINE M. P."
55308277900,"AMORIM, RODRIGO C. N."
56504756000,"COUTINHO, JULIA P."
26643115000,"KRETTLI, ANTONIANA U."
6508279241,"POHLIT, ADRIAN M."
8387354500,"LUCAS, EVE"
56989971800,"GUMANE, CLAUDIO"
55305715100,"SCHARDOSIN, FELIPE ZATT"
56219118800,"GAGNÉ, RAYMOND J."
15847605900,"ETIENNE, JEAN"
6506575234,"NAISBIT, R.E."
57216597084,"MALLET, J."
57130053800,"ALMEIDA, FABIÓLA VIANA DE"
12781499700,"LOPES, MARIA TERESA GOMES"
36915875900,"VALENTE, MÁGNO SÁVIO FERREIRA"
6504421796,"BENTES, JANIA LILIA DA SILVA"
11838952800,"SILVA, LUÍS R."
55841093100,"TEIXEIRA, RAFAELA"
7004941517,"ALMEDA, FRANK"
15049147000,"SILVA, BRENO MARQUES DA SILVA"
57059754300,"SILVA, CAMILA DE OLIVEIRA"
7103407309,"FRITSCH, PETER W."
56303405800,"SILVA, WANDERSON LUIS DA SILVAE"
56819673000,"SOARES, MARCOS VINICIUS BATISTA"
24376897200,"IGANCI, JOÃO RICARDO VIEIRA"
57190401273,"GOMES, M.C.A.R."
6507744125,"PAULA, V.F."
7201367660,"MOREIRA, A.A."
24512019000,"CASTELLANI, M.A."
55421097900,"MACEDO, G.E.L."
7005693899,"REINA, MATÍAS"
6505904981,"RUIZ-MESIA, LASTENIA"
6505734946,"RUIZ-MESIA, WILFREDO"
56340586500,"SOSA-AMAY, FRIDA ENRIQUETA"
56340123400,"AREVALO-ENCINAS, LEONOR"
57215378415,"GONZÁLEZ-COLOMA, AZUCENA"
6602193107,"MARTÍNEZ-DÍAZ, RAFAEL"
8743402600,"FRODIN, DAVID G."
56681814400,"LOPES, EDIZON VEIGA"
57201829786,"DIAS, HERCULES BEZERRA"
33267934000,"TORRES, ZELINA ESTEVAM DOS SANTOS"
7004396215,"SIANI, ANTONIO CARLOS"
59113401900,"OLIVEIRA, J.C."
7003391442,"VIEIRA, I.C.G."
57191899757,"ALMEIDA, A.S."
57216954454,"SILVA JUNIOR, C.A."
57190425235,"FERNANDES, ANNA FLÁVIA COSTA"
24073498900,"PINTO, DANIELLE SERAFIM"
7402461205,"COSTA, JACQUELINE IRÍS VASCONCELOS"
14065044800,"OLIVEIRA, DANILO R."
54390887400,"AGUIAR, ANNA CAROLINE C."
55889870000,"LEITÃO, GILDA G."
55911065900,"VIEIRA, MARIANA N."
56809053400,"MARTINS, KARINE S."
6603803084,"LEITÃO, SUZANA G."
56265852800,"TREVISAN, RAFAEL"
55765010500,"RIBEIRO, ALESSANDRA BRAGA"
56700015500,"BERTO, ALESSANDRA"
16244038500,"CHISTÉ, RENAN CAMPOS"
13406823400,"FREITAS, MARISA"
6603716066,"VISENTAINER, JESUÍ V."
34770207500,"FERNANDES, EDUARDA"
55974595700,"ARRUDA, ANDRÉ J."
8582160300,"LIEDE-SCHUMANN, SIGRID"
7004097854,"MEVE, ULRICH"
36175849200,"KFFURI, CAROLINA WEBER"
57072509500,"LOPES, MOISÉS AHKɄTÓ"
55656241300,"MING, LIN CHAU"
8543326000,"KINUPP, VALDELY FERREIRA"
56694203600,"DA SILVEIRA, JOÃO BARROS"
7102758126,"STEVENSON, PABLO R."
12796246800,"LINK, ANDRÉS"
55203531200,"GONZÁLEZ-CARO, SEBASTIAN"
57222603539,"TORRES-JIMÉNEZ, MARÍA FERNANDA"
59095517900,"CARVALHO, FABRICIO K. DE L."
8215928700,"COOK, DANIEL"
57202033008,"LEE, STEPHEN T."
57656831000,"OLIVEIRA, JEFFERSON BRUNO SOARES"
55194959000,"FIDELIS, C.H.V."
55941045500,"DE LIMA, LAÍCE FERNANDA GOMES"
57193482083,"LUGHADHA, EIMEAR NIC"
57016490200,"LEMOS, D.A.N."
57016346900,"FERREIRA, B.G.A."
57016320200,"SIQUEIRA, J.D.P."
57016031100,"OLIVEIRA, M.M."
57016023700,"FERREIRA, A.M."
56693876500,"CARDOSO, ANDRÉ LUIZ DEREZENDE"
34976463600,"DE QUEIROZ, ALINE CAVALCANTI"
37060660400,"CAVALCANTE-SILVA, LUIZ HENRIQUE AGRA"
35775177800,"DIAS, THAYS DE LIMA MATOS FREIRE"
7402562567,"SANTOS, MARIANA DA SILVA"
35185203400,"MELO, GABRIELA MUNIZ DE ALBUQUERQUE"
55576000200,"CAMPESATTO, ELIANE APARECIDA"
57415556300,"ALEXANDRE-MOREIRA, MAGNA SUZANA"
56611331200,"SANTOS, FABIANO PEREIRA"
7103348322,"LIMA, EDELTRUDES DE OLIVEIRA"
55179567200,"COSTA, FLAVIO MAGALHÃES"
56179548900,"DE HOLANDA, ANA SOFIA SOUSA"
55810406400,"FERREIRA, GABRIEL E."
7006546751,"PERRET, MATHIEU"
55246783800,"DE MELO VALENTE, ROBERTA"
56332728600,"DA SILVA, PAULO AUGUSTO LIMA"
55881682100,"DA COSTA, CHRISTIANE SILVA"
7203007412,"RUIZ, ANA LÚCIA T.G."
55628483700,"MARCHETTI, GABRIELA M."
7102474754,"CARVALHO, JOÃO ERNESTO DE"
57190394911,"COSTA, CINARA O.S."
57189999799,"GALVAO, ALEXANDRE F.C."
7007150363,"LOPES, NORBERTO P."
55603875800,"FERRAZ, ROSANA P. C."
54910201500,"BOMFIM, DIOGO S."
55604336100,"CARVALHO, NANASHARA C."
34768211600,"FREITAS, GIOVANA C."
23984126300,"BATISTA, JOÃO M."
16318838800,"FRANCHI, GILBERTO C."
6507924993,"NOWILL, ALEXANDRE E."
8234697100,"VILCACHAGUA, JANAINA D."
53263670000,"FAVARO, DENIZE C."
7102502507,"FURLAN, MAYSA"
7004334335,"JEFFREY, CHRISTOPHER S."
6505876898,"VENTICINQUE, EDUARDO MARTINS"
55544790800,"FIGUEIREDO, EVANDRO ORFANÓ"
55919927400,"FERREIRA, EVANDRO JOSÉ LINHARES"
36503915300,"DA F. VAZ, ANGELA MARIA STUDART"
7402636496,"LEWIS, GWILYM P."
56780452200,"MIJARES BULLAÍN GALARDIS, MIJAIL"
56198667900,"TORRES RODRIGUEZ, EUGENIO"
55825442500,"HERMOSILLA ESPINOSA, ROBINSON"
57201802218,"DE SOUZA CHAGAS, ANA CAROLINA"
57195923787,"DE SENA OLIVEIRA, MÁRCIA CRISTINA"
35754541800,"GIGLIOTI, RODRIGO"
57072919000,"SANTANA, RAUL COSTA MASCARENHAS"
6603405960,"BIZZO, HUMBERTO RIBEIRO"
56580013100,"GAMA, PAOLA ERVATTI"
55674984900,"SANTOS, M.R.A."
57651359400,"LIMA, M.R."
57197321539,"OLIVEIRA, C.L.L.G."
57192438426,"DO NASCIMENTO, JOSÉ E."
54391698700,"VENDRAMIN, MAYARA E."
26634668700,"AN, Z.W."
55833151800,"LI, Y.C."
55832252800,"ZHAI, Q.L."
55832288600,"XIE, L.L."
14523813700,"ZHAO, Y.H."
24721146400,"HUANG, H.S."
55781312800,"SOUZA, DEIVISON VENICIO"
24314801600,"MENDES, FERNANDA DA SILVA"
57190428182,"TAMAYO, YANELIS AVILÉS"
55496464400,"TAMAYO, YOSVEL VIERA"
57190426162,"PUEBLA, YANS GUARDIA"
57190430129,"ABEAL, EDIL ESTRADA"
7006296058,"HEYMANN, ECKHARD W."
56083482700,"WÖRNER, LAURA L."
55953529100,"ZIEGENHAGEN, BIRGIT"
24175633900,"BIALOZYT, RONALD"
56592329300,"DE MEDEIROS, MARIA CLÁUDIA MELO PACHECO"
7005930630,"KITE, GEOFFREY C."
7003578971,"VEITCH, NIGEL C."
57093043700,"FERREIRA, LAURA SUELLEN"
6507126279,"CATTÂNIO, JOSÉ HENRIQUE"
51061250700,"PESSOA, EDLLEY"
6602592007,"BENKO-ISEPON, ANA M."
7202824533,"ALVES, MARCCUS"
7203071161,"BARNETT, ADRIAN A."
57203846989,"SANTOS, PAULO J.P."
26026782300,"BOYLE, SARAH A."
57200079993,"BEZERRA, BRUNA M."
37005769100,"MONTEIRO, RAQUEL FERNANDES"
35186444200,"NASCIMENTO, H.C.S."
55921134400,"MAGALHÃES, N.S."
53264381800,"LOURENÇO, CAROLINE C."
7006924075,"FLACH, ADRIANA"
55437730600,"DA COSTA, LUIZ ANTONIO M.A."
36626076000,"LUIZE, BRUNO G."
51462339800,"VALENTE, ROBERTA DE MELO"
55761677700,"DE MEDEIROS, BRUNO AUGUSTO SOUZA"
57164573100,"CRISÓSTOMO, MATHEUS COUTO"
51461310300,"DA COSTA, ALEXANDRE FLORIAN"
16028870500,"NEVES, LEANDRO CAMARGO"
37666102200,"TOSIN, JÉSSICA MILANEZ"
16027709000,"BENEDETTE, RONALDO MORENO"
6701780106,"CISNEROS-ZEVALLOS, LUIS"
23026681100,"DA SILVA, JOYCE KELLY R."
55368133600,"DOSOKY, NOURA S."
7003551395,"SETZER, WILLIAM N."
35224563500,"APARÍCIO, PERSEU DA SILVA"
12042465500,"FERREIRA, RINALDO LUIZ CARACIOLO"
23134693700,"DA SILVA, WEGLIANE CAMPELO"
56095950500,"DE OLIVEIRA, CINTHIA PEREIRA"
56698367500,"CAMPELO, SAMANTHA RODRIGUES"
56452309200,"RIBEIRO, RODRIGO SCOCZYNSKI"
25626469800,"RIBEIRO, DANIELA"
56452616200,"SALES, ANDRÉ PABLO BEZERRA"
57090082500,"MARÍ, MAIKEL L.G."
57090009000,"TOLEDO, JOSÉ J."
26031997400,"FRAUSIN, GINA"
55485881600,"ARI, DE FREITAS HIDALGO"
7004148834,"MILLIKEN, WILLIAM"
51664102200,"SANTOS, ALESSIO MOREIRA DOS"
6508154344,"MITJA, DANIELLE"
6701495614,"DE BARROS, FÁBIO"
7401651685,"SHAW, PETER"
21743793700,"SPIRONELLO, WILSON R."
6602927073,"MACLARNON, ANN"
18435358800,"ROSS, CAROLINE"
56290777600,"DA SILVA, KÁTIA EMIDIO"
35731630200,"MARTINS, SEBASTIÃO VENANCIO"
14324007400,"RIBEIRO, CARLOS ANTONIO ALVARES SOARES"
24463799400,"SANTOS, NERILSON TERRA"
7006923610,"DE AZEVEDO, CELSO PAULO"
51664989200,"DE ALMEIDA MATOS, FRANCISCA DIONIZIA"
26323200400,"DO AMARAL, IEDA LEÃO"
55243443200,"ACIOLE, SULAMY D. G."
47761478900,"PICCOLI, CARLA F."
23988708900,"DUQUE L, JONNY E."
57194394806,"NAVARRO-SILVA, MARIO A."
8253074800,"REBELO, MARIA T."
55176085700,"BRITTO, ANNY C. S."
55176091200,"DE OLIVEIRA, ALLAN C. A."
54908614300,"HENRIQUES, RAISSA M."
55176090800,"CARDOSO, GABRIELLA M. B."
16204903300,"CARVALHO, ADRIANA A."
55178973000,"DE SOUSA, JULIO DOS SANTOS"
35105040500,"GURGEL, ELY SIMONE CAJUEIRO"
7003753839,"MYSTER, R.W."
6506818698,"LEBRON, L."
55901107300,"LOAYZA, A.B.P."
7401859637,"ZIMMERMAN, J.K."
7102120996,"DORR, L.J."
38661369300,"KHAMSAN, SORACHAI"
55935664100,"LIAWRUANGRATH, SAISUNEE"
56507450300,"TCERAWUTKULRAG, APHIWAT"
35496446700,"PYNE, STEPHEN G."
24922806900,"GARSON, MARY J."
6603105989,"LIAWRUANGRATH, BOONSOM"
6507550325,"SAKURAGUI, CASSIA MÔNICA"
38762458500,"VALENTE, MÁRIO DIEGO ROCHA"
38761306600,"DE QUEIROZ, WALDENEI TRAVASSOS"
38762033900,"PINHEIRO, JOÃO GUIMARÃES"
38761846700,"MONTEIRO, LUIS AUGUSTO DA SILVA"
56190248600,"KRIEBEL, RICARDO"
54390714400,"DA CRUZ, PEDRO ERNESTO O."
55534642700,"ISIDORO, MARSELE MACHADO"
55314607800,"DAS GRAÇAS FERNANDES DA SILVA, MARIA FÁTIMA"
7004422926,"ARRUDA, ALBERTO C."
58642664100,"DA CRUZ SILVA, SEBASTIÃO"
35742741800,"ALCÂNTARA, JOELMA MOREIRA"
35742808200,"DE LIMA YAMAGUCHI, KLENICY KAZUMY"
55625896700,"ANDRADE, JAQUELINE I.A."
55626239700,"LIMA, KAREN C.S."
55625864200,"DOS SANTOS, FRANCISLANE N."
55619738000,"SALOME, KAHLIL SCHWANKA"
56054760300,"MATSUURA, TAKESHI"
54793916400,"AMARAL, D.D."
8044557100,"SALOMÃO, R.P."
7103173626,"ALMEIDA, S.S."
7003544799,"SHANLEY, PATRICIA"
42261478900,"DA SERRA SILVA, MURILO"
42262187600,"MELO, TADEU"
35974841100,"CARMENTA, RACHEL"
18434563900,"NASI, ROBERT"
55370286800,"PAES-GONÇALVES, HILDA"
6602972710,"FACUNDO, VALDIR A."
55370291100,"SANTOS, DELVÂNIA M.F."
56446123000,"SILVA, ANA G. C."
55224590500,"BALLICO, LAUDIR J."
15725309000,"LIMA, DANIELLA K.S."
7801618741,"STÁBELI, RODRIGO G."
33267927500,"SILVA-JARDIM, IZALTINA"
55912610600,"REIS, LEONARDO PEQUENO"
55913454400,"DOS REIS, PAMELLA CAROLLINE MARQUES"
6505701624,"TIPPERY, NICHOLAS P."
7003300614,"PHILBRICK, C. THOMAS"
56375630800,"BOVE, CLAUDIA P."
7003430809,"LES, DONALD H."
8319869800,"FORTINI, L.B."
7006433468,"ZARIN, D.J."
37561679600,"LEUNER, OLGA"
16506931500,"HAVLIK, JAROSLAV"
55342592200,"HUMMELOVA, JANA"
37009288600,"PROKUDINA, ELENA"
56047678600,"NOVY, PAVEL"
6507692572,"KOKOSKA, LADISLAV"
57216693079,"E SILVA, GENILSON ALVES DOS REIS"
57214294295,"OLIVEIRA, CAETANO TRONCOSO"
25825346200,"MARDEGAN, SÍLVIA FERNANDA"
8041526500,"NARDOTO, GABRIELA BIELEFELD"
7004158776,"REINERT, FERNANDA"
7102366222,"MARTINELLI, LUIZ ANTONIO"
58382642500,"DE SOUZA, CRISTIANE SANTOS DO CARMO RIBEIRO"
6602435522,"PANDO, SILVANA CRISTINA"
6602946272,"VAN HAREN, JOOST L. M."
24167374800,"RESTREPO-COUPE, NATALIA"
6507003616,"HUTYRA, LUCY"
7004416841,"DE CAMARGO, PLINIO B."
57203496094,"KELLER, MICHAEL"
55814571600,"ACOSTA-ROJAS, DIANA CAROLINA"
16234155300,"MUÑOZ, MARCIA C."
55681622200,"ALBA MARINA TORRES, G."
57189046577,"CORREDOR, GERMÁN"
55390480800,"DUARTE, FRANCISCO M."
55391310600,"DE ALMEIDA FILHO, GERALDO G."
16175960200,"PESSÔA, HILZETH DE LUNA F."
55816119000,"DE OLIVEIRA BARROS, EDUARDO CRISTO"
7006617057,"MACHADO, ISABEL CRISTINA"
55260653500,"VIEIRA MUSTAFA DOS SANTOS, ELBA"
55260652600,"MESQUITA DA SILVA, TATIANE CRISTINA"
55260652500,"REIS DE MORAIS, SABRINA KELLY"
8779680500,"PROENÇA, CAROLYN E.B."
57214155178,"JENNINGS, LAURA V.S."
36166830200,"HENTRICH, H."
7202231508,"KAISER, R."
55089112300,"E SILVA, LUIZ FRANCISCO ROCHA"
55390446600,"COSTA, DAVID SIQUEIRA"
55181681500,"MUSTAFA, ELBA VIEIRA"
21741847700,"DE MORAIS, SABRINA KELLY REIS"
8124723600,"ALECRIM, MARIA DAS GRAÇAS COSTA"
6505608220,"DE ANDRADE-NETO, VALTER FERREIRA"
36145494500,"RIBEIRO, EDMILSON P."
6604013899,"CONSERVA, LUCIA M."
6602918098,"GUILHON, GISELLE MARIA S.P."
48461121300,"DA S. ALVES, HARLEY"
37664595400,"DE F. V. DE SOUZA, MARIA"
54950312200,"MARANHÃO, PAULO A. C."
55620303300,"SILVEIRA, LÍVIA HELENA CARRERA"
8157196400,"REZENDE, ALBA VALÉRIA"
6602627851,"VALE, AILTON TEIXEIRA DO"
6506279181,"PENNEYS, D.S."
7006744582,"JUDD, W.S."
35601913100,"ROSEN, DAVID J."
54879509000,"KAEHLER, MIRIAM"
8719826600,"RIINA, RICARDA"
55074937000,"TAYLOR, PETER"
14029834300,"ARSENAK, MIRIAM"
7005815291,"ABAD, MARÍA JESÚS"
57198614747,"FERNÁNDEZ, ÁNGEL"
14031921400,"MILANO, BALENTINA"
55233820100,"GONTO, REINA"
7402668873,"RUIZ, MARIE-CHRISTINE"
55234467000,"FRAILE, SILVIA"
55462843100,"TAYLOR, SOFÍA"
9336667800,"ESTRADA, OMAR"
48561035500,"BRACHO-NUNEZ, ARACELI"
55584428600,"KNOTHE, NINA MARIA"
55583780600,"COSTA, WALLACE R."
14826887300,"LIBERATO, MARIA ASTRID R."
6603387687,"KLEISS, BETINA"
8306636300,"ROTTENBERGER, STEFANIE"
7003854090,"KESSELMEIER, JÜRGEN"
37098647500,"CAMPOS, PRISCILA TOLENTINO"
37098644500,"COSTA, MARIA CECÍLIA DIAS"
16229919800,"ISAIAS, ROSY MARY DOS SANTOS"
24338680400,"MOREIRA, ANA SÍLVIA FRANCO PINHEIRO"
35191007100,"DE OLIVEIRA, DENIS COELHO"
6602396853,"DE LEMOS-FILHO, JOSÉ PIRES"
7101666729,"DE SOUZA, ELNATAN BEZERRA"
16684051800,"RIBEIRO, SANDRA S."
55376375300,"DE JESUS, ALINE M."
57201943073,"SANTOS, ALAN D.C."
56375953800,"DE JESUS, JEMMYSON R."
55796179500,"ANDRADE, MOACIR S."
8895784200,"SAMPAIO, TAIS S."
57156024800,"GOMES, WESLEY F."
15847624800,"ALVES, PÉRICLES B."
7102663289,"PRATA, ANAPAULA N."
7004573992,"BLANK, ARIE F."
6507639118,"SILVA-MANN, RENATA"
6701881989,"MORAES, VALERIA R. S."
8895784100,"NOGUEIRA, PAULOCESAR L."
54410254100,"BORGES, JAQUELINE C.M."
54411108400,"RIPARDO FILHO, HAROLDO DA S."
7202566688,"SANTOS, LOURIVALDO S."
23028842800,"SOUSA, PERGENTINO J.C."
55320497700,"QUEIROZ, DARLENE P.K."
23972865700,"LIMA, MARIA DA PAZ"
57206520350,"COSTA, PAULO AFONSO DA"
35321935400,"BALLUS, CRISTIANO AUGUSTO"
15846649100,"TEIXEIRA-FILHO, JOSÉ"
7003811166,"GODOY, HELENA TEIXEIRA"
55781892200,"ARAÚJO, CLÍVIA BEZERRA"
55908885100,"DE OLIVEIRA, MARIANA GOMES"
55579184500,"LEAL, EDUARDO DA SILVA"
7003284632,"GEREAU, ROY E."
58347818900,"BIGGS, NICKI"
7003804232,"HIND, D.J.NICHOLAS"
23972889000,"LIMA, NERCI NINA"
37005383000,"DA CUNHA, ULISSES SILVA"
37005649200,"LUCAS FILHO, FERNANDO CARDOSO"
56261636400,"BARBOSA FILHO, JOSÉ"
24436318600,"COELHO, TATIANE S."
23003981400,"DA SILVA, PEDRO E. ALMEIDA"
7004943400,"LOURENÇO, MARIA CRISTINA S."
53864534600,ARQMO
36990837900,"LIZCANO, LEANDRO J."
58579442700,"BAKKALI, FADIL"
6701614609,"BEGOÑA RUIZ-LARREA, M."
35595197300,"IGNACIO RUIZ-SANZ, JOSÉ"
55229392900,"VILORIA-BERNAL, MARÍA"
24375620900,"VICENTE, FRANCISCA"
7004026626,"BERRUETA, LUIS ANGEL"
56213359600,"GALLO, BLANCA"
6602494542,"MARTÍNEZ-CAÑAMERO, MAGDALENA"
52363446100,"DE FÁTIMA OLIVEIRA ALMEIDA, MARIA"
52364572900,"RODRIGUES DE MELO, ANA CLÁUDIA"
8932617500,"CAMPOS, FRANCINETE RAMOS"
52363585400,"DE CARVALHO MACHADO, GERZIA MARIA"
35894110800,"LEON, LEONOR LAURA PINTO"
16303342100,"AZEVEDO, MARIANGELA S."
22981360500,"RODRIGUES, ROSELY V."
56613087000,"DO NASCIMENTO, LEANDRO F."
6506384728,"MILITÃO, JÚLIO S.L.T."
13607530800,"DA SILVA, GIL V.J."
57188990249,"MARTI, GUILLAUME"
15018944700,"EPARVIER, VÉRONIQUE"
6504207843,"MORLEO, BARBARA"
36630565100,"LE VEN, JESSICA"
26421100100,"APEL, CÉCILE"
35944355900,"BODO, BERNARD"
55200736200,"AMAND, SÉVERINE"
6602250146,"DUMONTET, VINCENT"
6508329894,"LOZACH, OLIVIER"
7005651253,"MEIJER, LAURENT"
7004196029,"GUÉRITTE, FRANÇOISE"
26643186300,"LITAUDON, MARC"
8612726100,"ROSAS, LISANDRA V."
7201539461,"FERNANDES, JOÃO B."
7103011512,"PINTO, LILIAM P."
55501777100,"LOURENC, WALDETE C."
57196719692,"ALMEIDA, THAIS"
55502467900,"SILVA, WELMA SOUSA"
29567476800,"RONCHI-TELES, BEATRIZ"
7003781704,"DE FARIA, APARECIDA DONISETE"
25622015300,"POLITI, FLÁVIO A S"
55159561300,"DE MELLO, JOÃO C P"
13613700300,"MIGLIATO, KETYLIN F."
56509992400,"NEPOMUCENO, ANDRÉA L A"
35074609600,"MOREIRA, RAQUEL R. D"
13614024700,"PIETRO, ROSEMEIRE C. L R"
36177634800,"HORVÁT, SZ"
57277052100,"DERZSI, A."
7004903782,"NÉDA, Z."
23017784800,"BALOG, A."
58425016500,"AMARAL, D."
7004415838,"LIMA, H.R.P."
55339331900,"GEVÚ, K.V."
15829002700,"ELIAS, T.F."
57212772606,"TENÓRIO, J."
57225753443,"QUINTERO, A."
24168321600,"FABBRO, R."
6602437166,"MAILLO, M."
7004560638,"BARRIOS, M."
57198219441,"MILANO, M.B."
57198065216,"WILLIAMS, B."
7003471455,"RANGEL, H.R."
7006064528,"PUJOL, F.H."
36068848200,"DA SILVA MARINHO, TATIANA ANDREZA"
25025999800,"DE ASSIS, RAFAEL LEANDRO"
53867120200,"RAMOS, SANTIAGO LINORIO FERREYRA"
54383061300,"GOMES, LIENE ROCHA PICANÇO"
19336186400,"STERGIOS, BASIL"
55534142100,"DE LIMA, JANAÍNA P.S."
55535151500,"JARDIM, IZALTINA SILVA"
7006512406,"AKSOY, SERAP"
6602782830,"ALMEIDA-VAL, VERA MARIA F."
8323613300,"AZEVEDO, V.C.R."
8350493500,"BAUCOM, REGINA"
23569521300,"BAZAGA, PILAR"
6701377424,"BEHEREGARAY, L.B."
7005353215,"BENNETZEN, JEFFREY L."
21740941400,"BRASSALOTI, RICARDO A."
7005669477,"BURGESS, TREENA I."
7003512116,"CACCONE, ADAGISA"
7405605614,"CHANG, SHU-MEI"
8297096900,"CIAMPI, A.Y."
55568375200,"CIANCALEONI, S."
49561087000,"CLÍMACO, GISELE T."
54917899300,"CLOUET, CÉCIL"
7005408295,"COIMBRA, MARIA R. M."
7004448287,"COUTINHO, LUIZ L."
24830444600,"DANTAS, HOZANA L."
22933303700,"DE VEGA, CLARA"
37006540000,"ECHODU, RICHARD"
6602146700,"ENYARU, JOHN"
7004192331,"FIGUEIRA, ANTONIO"
15768769300,"FILHO, MANOEL A. G."
55567640900,"FOLTZ, BRITNIE"
57195214684,"FRESSIGNÉ, L."
55567593100,"GADOMSKI, MATEUSZ"
7005713664,"GAUTHIER, NATHALIE"
7102094152,"HERRERA, CARLOS M."
18535917600,"HYSENI, CHAZ"
35233634900,"JORGE, ERIKA C."
56993238300,"KACZMARCZYK, DARIUSZ"
7005142979,"KNOTT, EMILY"
55109859800,"KUESTER, ADAM"
15769211200,"LIMA, ANA P. S."
57120064600,"LIMA, MAÍRA A."
53264021400,"LIMA, MARCOS P."
26433586400,"LONGO, ANA LUIZA B."
55567476600,"LOR, GRANT"
6603368258,"MAGGIONI, RODRIGO"
26433514500,"MARQUES, THIAGO S."
7203013605,"MARTINS, ALINE R."
24587243300,"MATOSO, DANIELE A."
7006746242,"MEDRANO, MÓNICA"
35109678500,"MENDONÇA, M.A.C."
55567992200,"METTLER, RAEANN"
55190231700,"NASCIMENTO, PRISCILA ROBERTA M."
6603963350,"NEGRI, V."
36337141100,"OLIVEIRA, KARINE K. C."
57205074149,"OLIVEIRA, L.O."
15081488000,"OVCARENKO, IRINA"
7801552220,"PAULA-SILVA, MARIA N."
8584904300,"RAGGI, L."
6505782416,"SANDOVAL-CASTILLO, J."
56778019600,"SANTOS, CARLOS HENRIQUE DOS ANJOS"
7402319036,"MARTIN SCHAEFER, H."
6602630273,"SEGELBACHER, GERNOT"
55568055600,"SEINO, MIYUKI M."
31767673000,"SISTROM, MARK"
54403948000,"TAOLE, MATSEPO M."
8309933000,"TESKE, P.R."
6603631785,"TSAGKARAKOU, ANASTASIA"
6603317627,"VERDADE, LUCIANO M."
12785431900,"VILLELA, PRISCILLA M. S."
8427992600,"VINSON, C.C."
7005738740,"WINGFIELD, BRENDA D."
7102265584,"WINGFIELD, MICHAEL J."
36657015600,"DE ABREU, V.H.R."
6603847202,"CABRAL, ELAINE C."
54884189300,"FILGUEIRAS, CAMILA CRAMER"
35619302700,"CARDOSO, MARIA DAS GRAÇAS"
6506745955,"VENDRAMIM, JOSÉ DJAIR"
54884722200,"CANTÃO, FERNANDO RODRIGO DE OLIVEIRA"
57204252418,"MAGALHÃES, LYEGE AMAZONAS MACIEL"
7201744275,"MARQUES, MARCIA ORTIZ MAYO"
6507656894,"FACANALI, ROSELAINE"
25824221500,"DA SILVA PINTO, ANA CRISTINA"
37013992900,"ZÓZIMO, ELAINE"
35769943700,"TAMAIO, NEUSA"
24377078900,"VIEIRA, RICARDO CARDOSO"
57664783000,"MAGALHÃES, THIAGO ALVES"
36514289200,"CARNEIRO, R. GONÇALVES SILVA"
16644744000,"ALVIM, MARINA NEIVA"
38661812700,"TEERAWUTKULRAG, APHIWAT"
57212784643,"GOMES, BEATRIZ M."
9043261200,"LEBRINI, M."
7202416673,"ROBERT, F."
24341219000,"LECANTE, A."
7102389397,"ROOS, C."
36239833800,"DE OLIVEIRA, GEORGE E."
10140603600,"ZOGHBI, MARIA DAS G."
12241537000,"UDULUTSCH, RENATA GIASSI"
7004141143,"DE ASSIS, MARCO ANTONIO"
36707080400,"ALVES, JOÃO CARLOS ZENAIDE OLIVEIRA"
7004193610,"MIRANDA, IZILDINHA DE SOUZA"
14011960600,"SOUSA DA ROCHA, ANTÔNIO ELIELSON"
36853339900,"FREITAS, MARIA APARECIDA"
8365142800,"RODRIGUES, ELIANA"
26658390900,"FORMIGA, ANETE TEIXEIRA"
7006560223,"GONÇALVES, SAMUEL JOSÉ DE MELO REIS"
14828462100,"SOARES, GERALDO LUIZ GONÇALVES"
23987061000,"CARNEIRO, ANA LÚCIA BASÍLIO"
55420028800,"TEIXEIRA, MARIA FRANCISCA SIMAS"
23987273400,"DE OLIVEIRA, VIVIANA MARIA ARAÚJO"
23986985400,"FERNANDES, ORMEZINDA CELESTE CRISTO"
23987129800,"CAUPER, GLÁUCIA SOCORRO DE BARROS"
6602309063,"SKORUPA, LADISLAU ARAÚJO"
6701565197,"PIRANI, JOSÉ RUBENS"
6603632451,"SAJAP, AHMAD SAID"
6506092328,"SAHRI, MOHD. HAMAMI"
35435630100,"MOHD. KASIM, MOHAMAD ROSLAN"
10040327000,"KINKADE, MATTHEW P."
7003668053,"MAAS, PAUL J. M."
57225888366,"DA SILVA, SAULO L."
29667465700,"DE OLIVEIRA, VIVIANE GUEDES"
7403277146,"YANO, TOMOMASA"
7103402856,"DE SOUZA, ANA O."
13006367100,"GALETTI, FABIO C. S."
35353890300,"SILVA, CÉLIO L."
6507274719,"BICALHO, BEATRIZ"
57197913805,"PARMA, MÁRCIA M."
16440187700,"FONSECA, SEBASTIÃO F."
34878055400,"TRINDADE, ANGELA C. L. B."
23093929400,"FREITAS GIL, ROSSIMÍRIAM P."
54416933600,"BEZERRA, FRANCIGLAUBER S."
6602590617,"ANDRADE-NETO, MANOEL"
8568178400,"HOUTER, NICO C."
7006104762,"PONS, THIJS L."
6602492055,"BACIGALUPO, NÉLIDA M."
36670753200,"AGUIAR, GABRIELA P."
36672109800,"WAKABAYASHI, KAMILA A. L."
36671487800,"LUZ, GUILHERME F."
34880618500,"OLIVEIRA, VILMA B."
7102938317,"MATHIAS, LEDA"
7003391451,"VIEIRA, IVO J. C."
6506503661,"CROTTI, ANTONIO E. M."
55259753300,"FLORES, OLIVIER"
6508332597,"GOURLET-FLEURY, SYLVIE"
6701912401,"PICARD, NICOLAS"
36974447800,"DE ASSIS, CAMILA M."
7102549649,"MORENO, PAULO R. H."
7404194186,"YOUNG, MARIA CLAUDIA MARX"
6601996070,"DE ARRUDA CAMPOS, IVAN P."
55663078500,"SUFFREDINI, IVANA B."
7402391378,"UCHIYAMA, TAKETO"
8976864800,"TABATA, KEIICHI"
56265110500,"NOMURA, SAWAKO"
17934741100,"KANEKO, YASUHISA"
7402835284,"FUJIMOTO, YASUO"
55628568630,"SUZUKI, TAKASHI"
57194406998,"ZANENGA-GODOY, ROSANE"
36846252100,"COSTA, CECILIA GONÇALVES"
26643240600,"IZZO, THIAGO JUNQUEIRA"
7003326559,"VASCONCELOS, HERALDO L."
25027604800,"FIALHO, LÍLIAN DA SILVA"
9337731300,"GUIMARÃES, VALÉRIA MONTEZE"
15830939200,"CALLEGARI, CARINA MARIN"
7202574360,"REIS, ANGÉLICA PATARO"
36946156400,"BARBOSA, DAIANNY SILVEIRA"
23092947400,"BORGES, EDUARDO EUCLYDES DE LIMA"
7103289254,"MOREIRA, MAURILIO ALVES"
6602366400,"DE REZENDE, SEBASTIÃO TAVARES"
35193656700,"DOS SANTOS BARROS, SÂMIA VALÉRIA"
23973192000,"DA SILVEIRA PIO, NABOR"
36472912000,"DE SOUZA COSTA, SUELY"
6701852680,"SASTRE, CLAUDE"
55241705100,"FERNANDES, SHEILA PATRICIA CARVALHO"
55930353100,"MAIA, VALÉRIA CID"
7004104063,"RAFAEL, JOSÉ ALBERTINO"
6701729226,"PAROLIN, PIA"
6602368317,"WORBES, MARTIN"
7004148913,"JUNK, WOLFGANG J."
6701797733,"GERWING, JEFFREY J."
15925124900,"GARCIA, LUCINDA CARNEIRO"
55942197900,"DE MORAES, RAILMA PEREIRA"
24467275200,"DE LIMA, ROBERVAL MONTEIRO B."
8676103200,"SORIA-HERNANZ, DAVID F."
6603773356,"BRAVERMAN, JOHN M."
7401922644,"HAMILTON, MATTHEW B."
23972917100,"MARINHO, HELYDE ALBUQUERQUE"
55922205100,"BURD, MARTIN"
7004146791,"BARABÉ, DENIS"
7103200858,"LACROIX, CHRISTIAN"
7006156314,"JEUNE, BERNARD"
23088549400,"BOURDY, G."
57211054576,"CASTILLO, D."
24080065600,"ESTEVEZ, Y."
35741178500,"LANCHA-TANGOA, A."
24449959200,"ALBAN-CASTILLO, J."
7003327926,"DEHARO, E."
55973243300,"ROJAS, R."
6603850266,"STIEN, D."
21646759200,"SAUVAIN, M."
35968625900,"RAMÍREZ, NELSON"
35885825300,"LEONG, KAM IU"
35557955600,"ALVIAREZ, PAOLA F."
6603948659,"COMPAGNONE, REINALDO S."
7202765539,"SUÁREZ, ALÍRICA I."
26661008000,"DE SOUZA, P.A."
50961707200,"RANGEL, L.P."
36610553900,"OIGMAN, S.S."
25225186400,"ELIAS, M.M."
6602354113,"FERREIRA-PEREIRA, A."
6602430011,"DE LUCAS, N.C."
16308785900,"CRAMER, JENNIFER M."
7005556630,"MESQUITA, RITA C. G."
22233466400,"BENTOS, TONY VIZCARRA"
55107436700,"MOSER, BARRY"
55664060800,"WILLIAMSON, G. BRUCE"
36453098500,"PARK, GRACE"
23501167600,"AGIUS, BRITTANY R."
35084391700,"STOKES, SEAN L."
8556555200,"WALKER, TAMEKA M."
6701557562,"HABER, WILLIAM A."
12792884200,"HANSEN, A. KATIE"
16642616200,"ESCOBAR, LINDA K."
7202480243,"GILBERT, LAWRENCE E."
7201964167,"JANSEN, ROBERT K."
6508128014,"GONZÁLEZ-VÁZQUEZ, R."
12809040800,"BRAGA, P.A.C."
6506393688,"KING-DÍAZ, B."
35514601900,"LOTINA-HENNSEN, B."
6602387010,"REBÊLO, GEORGE HENRIQUE"
57086848200,"PAES, L.S."
7103115989,"PROCTOR, JOHN"
7101975791,"ROMERO, GUSTAVO Q."
36008342500,"DIAS, LUIZ C."
8699369500,"SHIMOKOMAKI, SIMONE B."
8699369600,"SHIOTA, ROBSON T."
7003544891,"AYMARD C., GERARDO A."
57208585430,"FREITAS, JOBERTO VELOSO DE"
7005556770,"PINARD, MICHELLE A."
35795259000,"COSTA, S.G.M."
6506302839,"QUERINO, R.B."
6603219412,"PENTEADO-DIAS, A.M.M."
7004299842,"ZUCCHI, R.A."
14025943800,"BARRADAS PACIENCIA, MATEUS LUÍS"
6603137527,"VARELLA, ANTONIO DRAUZIO"
7004822793,"YOUNES, RIAD NAIM"
6603748806,"BOOM, BRIAN M."
57216051542,"XAVIER, CLAHILDEK M."
33267858800,"RABELO, DIEGO DE MOURA"
24777841800,"BATISTA, CRISTIANE L."
25722502200,"BATISTA, REGIANE L."
25959782000,"VALDEZ, RODRIGO H."
6603152735,"UEDA-NAKAMURA, TÂNIA"
6701832520,"BONATO, VINÍCIUS"
6602774119,"COGNI, RODRIGO"
58329420800,"DE SOUZA, DEOCLIDES RICARDO"
7101828686,"DE SOUZA, AGOSTINHO LOPES"
55913398200,"LEITE, HELIO GARCIA"
6603959692,"YARED, JORGE ALBERTO GAZEL"
6507299454,"JULIÃO, GENIMAR R."
14624983000,"ALMADA, EMMANUEL D."
7101790742,"FERNANDES, GERALDO W."
23061812700,"SOLEANE, HÉLIDA"
13409941300,"DE AZEVEDO, MARIANGELA SOARES"
23062152500,"ROVER, MARCIA"
24329626500,"SANTOS, OTILENE DOS ANJOS"
57192967222,"BARBOSA CANDIDO ALVES, GLAUCIA"
7007109191,"BARRETO, ALAÍDE SÁ"
12243761200,"PROCÓPIO, LÍLIAN COSTA"
7007059797,"LOMBARDI, JULIO ANTONIO"
8862126800,"SAKANE, WATARU"
7201635393,"HARA, NORIYUKI"
7402835192,"FUJIMOTO, YOSHINORI"
7102818983,"TAKAISHI, YOSHIHISA"
7004505798,"ACUÑA, RICARDO"
7006748488,"OSORIO, CORALIA"
7005678297,"DUQUE, CARMENZA"
16507784200,"TIGRE, RYUGA FROTA"
8408555400,"CAVALCANTI, BRUNO COÊLHO"
6701417956,"COSTA-LOTUFO, LETICIA VERAS"
19836539400,"MORAES, MARIA ELISABETE AMARAL"
57212415399,"SANTOS, ELBA VIEIRA MUSTAFA DOS"
57206220727,"MORAIS, SABRINA KELLY REIS"
22634008200,"FRANCEZ, LUCIANA MARIA DE BARROS"
35340097700,"QUANZ, BEATRIZ"
35339412000,"PINHEIRO, KLEWTON ADRIANO OLIVEIRA"
24340078800,"TROVATI, GRAZIELLA"
6701415085,"CHIERICE, GILBERTO O."
55910258500,"RIBEIRO, ALCY F."
7004919311,"REZENDE, CLAUDIA M."
35481859600,"PINTO, ÂNGELO C."
6701717917,"SÁ, AMANDA L."
7203043170,"SILVA, SILANE A. F."
7007053748,"MORAIS, SELENE M."
55238437500,"MATOS, CARLOS R. R."
35550134300,"MOREIRA, MARCELO ZACHARIAS"
6602319082,"FRANCISCO MORALES, J."
12774416300,"ADAMS, RACHEL I."
57198877091,"BROWN, KYLE M."
6508133455,"QUIGNARD, ETIENNE LOUIS JACQUES"
57212508736,"ALECRIM, ALEXANDRE MASCARENHAS"
7402306394,"PINTO, ANA CRISTINA DA SILVA"
16029373600,"PORTELA, CÍNTIA NICÁCIA"
35582580600,"DE OLIVEIRA, LAURA CRISTINA PEREIRA"
6602458460,"DON, LUCIANA DE CASTRO"
6505722355,"ROCHA E SILVA, LUIZ FRANCISCO"
6603432874,"HENRIQUE, MARYCLEUMA CAMPOS"
7202093677,"DOS SANTOS, MIRIAN"
7103408944,"PINTO, PATRÍCIA DE SOUZA"
7203043169,"SILVA, SUNIÁ GOMES"
6603598977,"ENDRESS, MARY E."
25928286700,"DE CARIM, MARCELO JESUS VEIGA"
25928522600,"MEDEIROS, TONNY DAVID SANTIAGO"
35298942300,"EDSON JR., THOMAS C."
15519002100,"DOS SANTOS, KARIN"
24577556200,"MATOS, FRANCISCA DIONIZIA DE ALMEIDA"
24576523200,"FERREIRA, MARCELO MARQUES"
23979216300,"DE SOUSA, GARDENE MARIA"
6701504014,"WANDERLEY, MARIA DAS GRAÇAS LAPA"
6506196913,"FARINACCIO, MARIA ANA"
7202070164,"STEVENS, W.D."
6602527078,"DE ASSIS, MARTA CAMARGO"
7004212057,"HAMPE, ARNDT"
12244004500,"GARCÍA-CASTAÑO, JUAN L."
7004192923,"SCHUPP, EUGENE W."
6701660089,"JORDANO, PEDRO"
7004234278,"YAVITT, JOSEPH B."
7404005339,"WRIGHT, S. JOSEPH"
34879642800,"DE A. UCHÔA, DANIEL E."
7102959087,"ROSSI, V."
57195912905,"MORTIER, F."
6603381509,"CAVALCANTI, TACIANA B."
55259165800,"GRAHAM, SHIRLEY A."
57705663300,"DE FÁTIMA, MARIA"
57209116210,"DE SOUZA, VANDERLEI"
6504209448,"MARTINS-DA-SILVA, REGINA C. V."
7007102944,"TRIGO, JOSÉ ROBERTO"
8712302800,"DANELLI, M.G.M."
8599788600,"SOARES, D.C."
6603782545,"PEÇANHA, L.M.T."
7003770470,"SARAIVA, E.M."
8972717100,"FONTE, S.J."
6701822629,"SCHOWALTER, T.D."
8405446300,"GROPPO, MILTON"
6701914455,"KUIJT, JOB"
56531177000,"ROBERTS, D.A."
57190098904,"ADAMS, J.B."
7006559224,"PALMER, F."
7404422893,"SCHNEIDER, JULIO V."
6603693677,"SWENSON, ULF"
57207216128,"SMITH, C.K."
7004466151,"GHOLZ, H.L."
57222725480,"DE ASSIS OLIVEIRA, F."
6506015616,"BAIMA, ANADILZA"
7006059950,"LUZ, A.I.R."
7201733101,"DA SILVA, J.D."
7402847638,"DA SILVA, M.H.L."
7201798916,"MARTINS, JOSÉ VANDERLEI"
7004864963,"ARTAXO, PAULO"
7003480916,"FERRAZ, EPAMINONDAS S.B."
6701773171,"TABACNIKS, MANFREDO H."
55886290100,"MARIMON, B.S."
6602629061,"FELFILI, J.M."
6602245833,"HARIDASAN, M."
55665762500,"CUELLO, N."
7003499228,"WILLIG, MICHAEL R."
6508046864,"SANDLIN, ELIZABETH A."
7102962899,"GANNON, MICHAEL R."
55904779100,"ROGGY, J.C."
53064442800,"PRÉVOST, M.F."
6701680933,"RICKETSON, JON M."
7003271405,"PIPOLY III, JOHN J."
6507036791,"SPOSITO, T.C."
57191439732,"SANTOS, F.A.M."
21742056000,"DA SILVA, JORGE ANTONIO MOREIRA"
55663363800,"PEREIRA FILHO, MANOEL"
6504086170,"DE OLIVEIRA-PEREIRA, MARIA INÊS"
6603149635,"BILLINGTON, H.L."
7404413845,"THOMAS, C.D."
6603555288,"SHRESTHA, TIMILA"
7003405866,"BISSET, NORMAN G."
57216172845,"VALENTE, M.DA.C."
57204832239,"DA SILVA, SILDA MARQUCTE F."
57204771090,"GUIMARÃES, DELPHOS JOSÉ"
7101849742,"FRANKEL, STEVEN"
35408165100,"BERENBAUM, MAY"
6506176931,"FREIRE-FIERRO, A."
7006047312,"DO NASCIMENTO, ALEXANDRE MIGUEL"
6602980199,"MARIA, MARCOS ANTÔNIO"
7402364066,"ROGERS, C.B."
57196951632,"MARTINI, ADRIANA M. Z."
7006463924,"ROSA, NELSON DE A."
7006005944,"UHL, CHRISTOPHER"
36727253300,"KRAL, ROBERT"
7004075518,"SPITZER, V."
7005451151,"MARX, F."
7005788458,"PFEILSTICKER, K."
35560653100,"LOPES, DAÍSE"
6504569501,"SÁ SOBRINHO, ANTÕ F."
35588823700,"PEREIRA, MARCOS"
6505582248,"WOLTER-FILHO, WILSON"
24378026700,"DA ROCHA, ARNALDO I."
8835871700,"YOSHIDA, MASSAYOSHI"
24377930700,"COTTLIEB, OTTO R."
6701655024,"CASIMIRO, ANTONIO B."
7004691489,"KOPP, BRIGITTE"
7005077494,"HAYDEN, W.JOHN"
6507835651,"BAURIN, N."
56993529000,"ARNOULT, E."
6603541285,"SCIOR, T."
8952059800,"DO, Q.T."
26221081200,"BERNARD, P."
7404306746,"ANDERSON, C."
6701872280,"LANZA, JANET"
7006395803,"TRAVERS, STEVEN E."
57210457770,"GILBERT, GREGORY S."
55951054700,"PERRY, ETHAN F."
6504269881,"MENDES MARQUES, M.C."
7201788684,"THOMSEN, K."
7004472802,"BRIMER, L."
6602547796,"SOCORRO GONZÁLEZ-ELIZONDO, M."
6603683862,"REZNICEK, A.A."
7003506281,"PRANCE, GHILLEAN T."
8894435900,"ROSA, N.A."
7101863196,"FERGUSON, I.K."
6603642428,"STIRTON, C.H."
7202406909,"TUCKER, SHIRLEY C."
35607267900,"OLIVEIRA, ANTONIO FERNANDO M."
57212517639,"RODRIGUES, LÍLIAN F."
26658544000,"PASSAMANI, MARCELO"
6602121906,"RYLANDS, ANTHONY B."
7004492910,"TINTO, WINSTON F."
7006802532,"BLAIR, LYNN C."
7202110022,"REYNOLDS, WILLIAM F."
7102155647,"MCLEAN, STEWART"
13606043900,"MILLER, JUDITH R."
55886707800,"AYMARD C., GERARDO"
7403976908,"MORI, SCOTT A."
7006261037,"HAMMEL, BARRY E."
6507606032,"LONDOÑO, XIMENA"
57198401177,"WILSON, PAUL"
6506060004,"LOMBELLO, RICARDO A."
6602463745,"FORNI-MARTINS, ELIANA R."
7402361326,"WALKER, LAWRENCE R."
7007048611,"DRESSLER, S."
7004941269,"DE JESUS, M.A."
56186285700,"DE MORAIS, J.W."
7006790598,"DE ABREU, R.L.S."
6504633708,"CARDIAS, M.D.F.C."
35500762400,"CONDIT, R."
7005492658,"HUBBELL, S.P."
36907511000,"FOSTER, R.B."
6507665163,"NEVLING, LORIN I."
57204257048,"BARRINGER, KERRY"
6602079975,"BACCHI, ELFRIEDE MARIANNE"
6701583761,"SAKUDA, TELMA MARY KANEKO"
7101948893,"OHARA, MITSUKO TABA"
6602691666,"CERVI, ARMANDO CARLOS"
35467423800,"LOUGH, ALAN J."
7402355448,"O'BRIEN, S.T."
6701707785,"SPIRO, P."
7003611474,"HUSBAND, R."
7003730995,"HERRE, E.A."
7402275389,"TURNER, S.L."
16230213300,"GALLERY, R."
57212030159,"YOUNG, J.P.W."
57198916504,"SMITH, KEN"
7102071585,"OLIVEIRA, FRANCISCO DE ASSIS"
7403673944,"HOWARD, RICHARD A."
7403012319,"BECKER, P."
57225346219,"CASTILLO, A."
7003795746,"GIBERNAU, MARC"
7005513973,"MAIA, LÚCIA A."
6508140607,"CABANILLAS, M.R.S."
6603691666,"CASTELLÓN, E.G."
6603784018,"NGADJUI, BONAVENTURE TCHALEU"
6603881268,"AYAFOR, JOHNSON FOYERE"
7006842071,"MITAKU, SOFIA"
7006891205,"SKALTSOUNIS, ALEXIOS-LEANDROS"
7005338465,"TILLEQUIN, FRANCOIS"
36041333500,"KOCH, MICHEL"
7402956364,"EDWARDS, K.S."
6603664374,"KALLUNKI, JACQUELYN A."
24358619800,"DE S. PEREIRA, ANA CRISTINA"
34876688300,"KAPLAN, MARIA AUXILIADORA C."
7005327308,"GOTTLIEB, OTTO R."
7201374341,"NASH, ROBERT J."
36037011200,"FLEET, GEORGE"
7102348124,"PEARCE, LISA"
7005254961,"WATKIN, DAVID J"
24544312300,"SCOFIELD, ANTHONY M."
6603034481,"BARNEBY, RUPERT C."
34975088200,"FAY, M.F."
7005185576,"OLMSTEAD, R.G."
55463081100,"RICHARDSON, J.E."
7006354594,"SANTIAGO, E."
7102990159,"HARLEY, RAY"
7102857391,"PATON, ALAN"
7005652002,"KRAFT, PHILIP"
24494352500,"BRAZ FO, RAIMUNDO"
7006197605,"GOTTLIEB, HUGO E."
6602717748,"SHOOLERY, JAMES N."
7005289151,"CARLINI, E.A."
58431971500,"DE OLIVEIRA, G.G."
24439230800,"CORRÉA, DIRCEU DE B."
24457319100,"GUERRA, LOURDES F.B."
23070132300,"DE ALVARENGA, MARDEN A."
57019721300,"BARROSO, G.M."
7404500557,"KING, R.M."
24549639600,"DE P. DIAS, JOÃO P."
24496043300,"LINS MESQUITA, ANTONIO A."
6504684238,"CASTANEDA DE MARTIN, C."
57010017400,"ANDERSON, ANTHONY B."
24560289800,"DE ALMEIDA, MARIA E."
24571277700,"RĚGO DE SOUSA, JOST"
57213745184,"TEIXEIRA, MARCO A."
6701903651,"QUILLIAM, J.P."
57213092217,"STABLES, R."
7004584497,"SHIZURI, YOSHIKAZU"
7202609115,"YAMAMURA, SHOSUKE"
7006300196,"AUTERHOFF, H."
6504325503,"MOMBERGER, B."
7007067998,"DANIELI, BRUNO"
7103031988,"PALMISANO, GIOVANNI"
23074501000,"RAINOLDI, GUGLIELMO"
57190090179,"RUSSO, GIOVANNI"
15921383700,"MAGALHÃES, MAURO T."
35588269600,"DA SILVA, VANDERLAN O."
24549254700,"AIBA, CACILDA J."
26642975400,"MANITTO, P."
7003291828,"RONCHETTI, F."
57178346000,"FERRARI, G."
56294390000,"LAVAULT, MARIE"
24578825200,"BRUNETON, JEAN"
24433075700,"AGUIAR, LEILA M.G."
24424823500,"GUILHERME, J."
7003570168,"PINHO, SONILDES L.V."
7102811981,"DE SOUSA, JOSIÉ R."
24561014900,"FORMIGA, MARIZA DRUMOND"
24562015200,"MENDES, PAULO HENRIQUES"
24565628800,"KOKETSU, MIDORI"
24564587700,"DE ALMIEDA, M.ELITA LEITE"
6602163170,"DA SILVA PEREIRA, MARILIA OTTONI"
24567047600,"TAVIERA MAGALHÃES, MAURO"
6603064206,"CANONICA, L."
6507719347,"GORINSKY, C."
7006775138,"TEMPLETON, W."
35607343700,"ZAIDI, S.A.H."
7004382783,"BEHNKE, H.-DIETMAR"
24583318900,"BITTENCOURT, A.M."
6602094360,"MORS, W.B."
23067751500,"MAGESWARAN, S."
6603367141,"OLLIS, W.D."
7102213024,"SUTHERLAND, I.O."
24494768300,"DA SILVA, M.LEÃO"
24575456900,"SOARESMAIA, J.G."
24572854600,"DA MATAREZENDE, C.M.ANDRADE"
6603763786,"FETCHER, NED"
7407829915,"CLARK, J.B."
6701876134,"JURD, LEONARD"
7201916560,"BENSON, MABRY"
24533200700,"DE J. COUTINHO LEMOS, M."
7402126899,"WONG, ROSALIND Y."
24560273400,"FARACHI, CARLO"
6602775850,"BROCKSOM, URSULA"
55666748600,"CASTRO C., OSCAR"
6602912548,"PUFF, CHRISTIAN"
7403707617,"WEBER, ANTON"
55450610900,"HILL, ARTHUR W."
24573818800,"LIMA, O.ARAÚJO"
24456492000,"CAVALCANTE, SERGIO DE H."
6602840463,"GIESBRECHT, ASTRÉA M."
24551401100,"MOURÃO, JAMIL C."
24584289900,"KAHRL, J."
6508208582,"GEBREYESUS, T."
55431521100,"DJERASSI, CARL"
7004407888,"ULUBELEN, AYHAN"
6505951910,"AYYILDIZ, HATICE"
36044604600,"MABRY, TOM J."
24585738800,"REZENDE, C.M.ANDRADE DA MATA"
24543930700,"VON BÜLOW, M.V."
24530781700,"JERÔNIMO DA SILVA, J."
35537456300,"PIMENTA, A."
35169747400,"JORIO, M.A."
35527612500,"ADANK, K."
35847334500,"MARINI-BETTOLO, G.B."
57214529749,"IORIO, M.A."
35123189300,"CORVILLON, O."
35123365800,"ALVES, H.M."
6701377694,"FILHO, WILSON WOLTER"
7404382052,"BROWN, KEITH S."
24573961600,"LAMÊGO VIEIRA PINHO, S."
6603935534,"MONTE, F.J.QUEIROZ"
7007164494,"HENKEL, TERRY W."
35313683000,"AIME, M. CATHERINE"
51162017400,"UEHLING, JESSIE K."
9737056100,"SMITH, MATTHEW E."
58529167500,
55757350300,
57104944600,
58144209800,
7202166130,
57218888444,
57944344000,
8552851600,
16240139900,
24079561000,
35975363800,
,
57218677563,
58110726800,
56553837300,
58110646800,
55235748400,
36847734300,
57241774000,
36503514800,
55440236800,
8553393100,
58817428400,
36622835300,
57203435851,
11241115900,
55175540900,
57226771474,
58612398300,
58824484000,
36160615200,
56229431400,
58143439700,
57226780856,
57339241500,
35767592700,
57226768146,
57226775867,
57204137702,
55569370100,
57203353652,
57203361023,
57225901173,
57241773900,
56015392300,
57208323558,
57219829843,
57219827011,
57219831546,
57219915714,
57219913305,
56717593200,
35572699400,
57191052140,
57219912871,
7401842746,
6507514920,
57196018944,
55989720900,
58937184600,
57201199734,
24724314300,
56002672800,
6507455906,
6603124880,
57203359996,
57203355449,
55966186200,
25724151300,
56405037100,
57191364904,
57202032242,
55969535900,
26429137600,
56121769800,
55195153300,
6603223114,
24337631700,
56013711600,
55995860500,
6603205090,
6602754440,
55740332800,
56329177400,
6603530921,
7402692950,
55663147100,
58696262600,
57204419611,
57189373291,
14219579500,
57194177141,
57221762531,
57754313600,
35793737000,
57753645300,
45861617900,
7202446692,
14021773300,
7004573666,
37009670400,
13405553600,
56022210100,
23095175300,
8961742200,
55625555100,
55626273300,
6602541869,
16314904000,
26322041700,
55883988700,
6701666738,
7004198774,
