especie_id,nome_cientifico,grupo_taxonomico
0,Justicia birae,Angiospermas
1,Justicia carajensis,Angiospermas
2,Justicia cowanii,Angiospermas
3,Justicia divergens,Angiospermas
4,Justicia mcdadeana,Angiospermas
5,Justicia potamogeton,Angiospermas
6,Justicia pseudoamazonica,Angiospermas
7,Justicia ulei,Angiospermas
8,Justicia viridiflavescens,Angiospermas
9,Justicia zarucchii,Angiospermas
10,Lepidagathis callistachys,Angiospermas
11,Lepidagathis paraensis,Angiospermas
12,Mendoncia multiflora,Angiospermas
13,Mendoncia rizziniana,Angiospermas
14,Pachystachys gracilis,Angiospermas
15,Ruellia anamariae,Angiospermas
16,Ruellia hirsutissima,Angiospermas
17,Ruellia nitida,Angiospermas
18,Carpotroche froesiana,Angiospermas
19,Lindackeria paraensis,Angiospermas
20,Alstroemeria paraensis,Angiospermas
21,Urceolina castelnaeana,Angiospermas
22,Anacardium microsepalum,Angiospermas
23,Polygonanthus amazonicus,Angiospermas
24,Polygonanthus punctulatus,Angiospermas
25,Annona amazonica,Angiospermas
26,Annona angustifolia,Angiospermas
27,Annona annonoides,Angiospermas
28,Annona calcarata,Angiospermas
29,Annona longipedicellata,Angiospermas
30,Annona paraensis,Angiospermas
31,Annona poeppigii,Angiospermas
32,Bocageopsis pleiosperma,Angiospermas
33,Cymbopetalum euneurum,Angiospermas
34,Cymbopetalum physaloides,Angiospermas
35,Diclinanona matogrossensis,Angiospermas
36,Duckeanthus grandiflorus,Angiospermas
37,Duguetia arenicola,Angiospermas
38,Duguetia aripuanae,Angiospermas
39,Duguetia elliptica,Angiospermas
40,Duguetia longicuspis,Angiospermas
41,Duguetia manausensis,Angiospermas
42,Duguetia megalocarpa,Angiospermas
43,Duguetia oblongifolia,Angiospermas
44,Duguetia subcordata,Angiospermas
45,Guatteria amapaensis,Angiospermas
46,Guatteria campinensis,Angiospermas
47,Guatteria cryandra,Angiospermas
48,Guatteria duckeana,Angiospermas
49,Guatteria elongata,Angiospermas
50,Guatteria friesiana,Angiospermas
51,Guatteria hispida,Angiospermas
52,Guatteria japurensis,Angiospermas
53,Guatteria myriocarpa,Angiospermas
54,Guatteria odorata,Angiospermas
55,Guatteria oriximinae,Angiospermas
56,Guatteria polyantha,Angiospermas
57,Guatteria sabuletorum,Angiospermas
58,Guatteria trichostemon,Angiospermas
59,Malmea manausensis,Angiospermas
60,Oxandra asbeckii,Angiospermas
61,Pseudoxandra borbensis,Angiospermas
62,Pseudoxandra duckei,Angiospermas
63,Pseudoxandra obscurinervis,Angiospermas
64,Pseudoxandra pilosa,Angiospermas
65,Pseudoxandra rionegrensis,Angiospermas
66,Unonopsis duckei,Angiospermas
67,Unonopsis heterotricha,Angiospermas
68,Xylopia annoniflora,Angiospermas
69,Xylopia calophylla,Angiospermas
70,Xylopia egleriana,Angiospermas
71,Xylopia longicuspis,Angiospermas
72,Xylopia polyantha,Angiospermas
73,Xylopia trichostemon,Angiospermas
74,Xylopia uniflora,Angiospermas
75,Xylopia xylantha,Angiospermas
76,Ambelania duckei,Angiospermas
77,Aspidosperma auriculatum,Angiospermas
78,Aspidosperma huberianum,Angiospermas
79,Aspidosperma inundatum,Angiospermas
80,Aspidosperma obscurinervium,Angiospermas
81,Aspidosperma salgadense,Angiospermas
82,Aspidosperma spruceanum,Angiospermas
83,Aspidosperma williamii,Angiospermas
84,Forsteronia amazonica,Angiospermas
85,Forsteronia manausana,Angiospermas
86,Forsteronia paludosa,Angiospermas
87,Forsteronia prancei,Angiospermas
88,Galactophora pulchella,Angiospermas
89,Geissospermum urceolatum,Angiospermas
90,Hylaea leptoloba,Angiospermas
91,Lacmellea densifoliata,Angiospermas
92,Lacmellea floribunda,Angiospermas
93,Lacmellea gracilis,Angiospermas
94,Laubertia brasiliensis,Angiospermas
95,Malouetia amazonica,Angiospermas
96,Malouetia amplexicaulis,Angiospermas
97,Malouetia aquatica,Angiospermas
98,Malouetia gracillima,Angiospermas
99,Malouetia lata,Angiospermas
100,Malouetia nitida,Angiospermas
101,Malouetia pumila,Angiospermas
102,Mandevilla arenicola,Angiospermas
103,Mandevilla krukovii,Angiospermas
104,Matelea brasiliensis,Angiospermas
105,Matelea friesii,Angiospermas
106,Matelea microphylla,Angiospermas
107,Matelea quindecimlobata,Angiospermas
108,Molongum zschokkeiforme,Angiospermas
109,Nephradenia reflexa,Angiospermas
110,Pacouria paraensis,Angiospermas
111,Parahancornia amara,Angiospermas
112,Parahancornia krukovii,Angiospermas
113,Prestonia amazonica,Angiospermas
114,Prestonia macroneura,Angiospermas
115,Prestonia plumierifolia,Angiospermas
116,Rauvolfia pentaphylla,Angiospermas
117,Rhodocalyx rotundifolius,Angiospermas
118,Rhytidostemma fontellanum,Angiospermas
119,Ruehssia amylacea,Angiospermas
120,Ruehssia bergii,Angiospermas
121,Ruehssia thomasii,Angiospermas
122,Secondatia duckei,Angiospermas
123,Spongiosperma longilobum,Angiospermas
124,Tabernaemontana angulata,Angiospermas
125,Tabernaemontana brasiliensis,Angiospermas
126,Tabernaemontana cumata,Angiospermas
127,Tabernaemontana grandiflora,Angiospermas
128,Tabernaemontana muricata,Angiospermas
129,Tassadia guanchezii,Angiospermas
130,Cathedra paraensis,Angiospermas
131,Ilex petiolaris,Angiospermas
132,Adelonema erytropus,Angiospermas
133,Adelonema wendlandii,Angiospermas
134,Alloschemone inopinata,Angiospermas
135,Anaphyllopsis cururuana,Angiospermas
136,Anthurium curicuriariense,Angiospermas
137,Anthurium icanense,Angiospermas
138,Anthurium krukovii,Angiospermas
139,Anthurium mayoanum,Angiospermas
140,Anthurium pranceanum,Angiospermas
141,Anthurium ptarianum,Angiospermas
142,Anthurium sagittatum,Angiospermas
143,Anthurium vittariifolium,Angiospermas
144,Bognera recondita,Angiospermas
145,Caladium amazonicum,Angiospermas
146,Caladium intermedium,Angiospermas
147,Dieffenbachia parvifolia,Angiospermas
148,Dracontium laetum,Angiospermas
149,Dracontium narae,Angiospermas
150,Dracontium prancei,Angiospermas
151,Heteropsis duckeana,Angiospermas
152,Heteropsis reticulata,Angiospermas
153,Heteropsis spruceana,Angiospermas
154,Homalomena crinipes,Angiospermas
155,Lorenzia umbrosa,Angiospermas
156,Philodendron caracaraiense,Angiospermas
157,Philodendron carajasense,Angiospermas
158,Philodendron cardosoi,Angiospermas
159,Philodendron hopkinsianum,Angiospermas
160,Philodendron joaosilvae,Angiospermas
161,Philodendron lupinum,Angiospermas
162,Philodendron melloi,Angiospermas
163,Philodendron nullinervium,Angiospermas
164,Philodendron pinnatilobum,Angiospermas
165,Philodendron prancei,Angiospermas
166,Philodendron rio-pretense,Angiospermas
167,Philodendron squamiferum,Angiospermas
168,Philodendron toshibai,Angiospermas
169,Philodendron traunii,Angiospermas
170,Rhodospatha moritziana,Angiospermas
171,Spathiphyllum globulispadix,Angiospermas
172,Xanthosoma appendiculatum,Angiospermas
173,Xanthosoma lucens,Angiospermas
174,Xanthosoma pulchrum,Angiospermas
175,Xanthosoma rubrispathum,Angiospermas
176,Xanthosoma striolatum,Angiospermas
177,Xanthosoma ulei,Angiospermas
178,Zomicarpella amazonica,Angiospermas
179,Crepinella chimantensis,Angiospermas
180,Crepinella gracilis,Angiospermas
181,Crepinella pallens,Angiospermas
182,Dendropanax simplicifolius,Angiospermas
183,Didymopanax ciliatifolius,Angiospermas
184,Didymopanax plurifolius,Angiospermas
185,Didymopanax pubicarpus,Angiospermas
186,Didymopanax umbrosus,Angiospermas
187,Astrocaryum giganteum,Angiospermas
188,Astrocaryum sociale,Angiospermas
189,Attalea guianensis,Angiospermas
190,Bactris syagroides,Angiospermas
191,Bactris tefensis,Angiospermas
192,Barcella odora,Angiospermas
193,Geonoma acaulis,Angiospermas
194,Syagrus vermicularis,Angiospermas
195,Aristolochia lorenae,Angiospermas
196,Cavalcantia glomerata,Angiospermas
197,Guayania penninervata,Angiospermas
198,Mikania longiacuminata,Angiospermas
199,Mikania stygia,Angiospermas
200,Monogereion carajensis,Angiospermas
201,Parapiqueria cavalcantei,Angiospermas
202,Sciadocephala gracieliae,Angiospermas
203,Acmella kalelii,Angiospermas
204,Acmella marajoensis,Angiospermas
205,Aspilia cavalcantei,Angiospermas
206,Clibadium sylvestre,Angiospermas
207,Wedelia rudis,Angiospermas
208,Unxia kubitzkii,Angiospermas
209,Stifftia uniflora,Angiospermas
210,Lepidaploa cleocalderonae,Angiospermas
211,Lepidaploa grisea,Angiospermas
212,Lepidaploa paraensis,Angiospermas
213,Lepidaploa silvae,Angiospermas
214,Piptocarpha prancei,Angiospermas
215,Vernonanthura piresii,Angiospermas
216,Stenopadus aracaensis,Angiospermas
217,Begonia matogrossensis,Angiospermas
218,Adenocalymma adenophorum,Angiospermas
219,Adenocalymma apurense,Angiospermas
220,Adenocalymma calcareum,Angiospermas
221,Adenocalymma cidii,Angiospermas
222,Adenocalymma gracielzae,Angiospermas
223,Adenocalymma magnificum,Angiospermas
224,Adenocalymma molle,Angiospermas
225,Adenocalymma velutinum,Angiospermas
226,Amphilophium campinae,Angiospermas
227,Amphilophium lohmanniae,Angiospermas
228,Amphilophium racemosum,Angiospermas
229,Anemopaegma robustum,Angiospermas
230,Cuspidaria cinerea,Angiospermas
231,Cuspidaria monophylla,Angiospermas
232,Fridericia egensis,Angiospermas
233,Fridericia lauta,Angiospermas
234,Fridericia oxycarpa,Angiospermas
235,Jacaranda bullata,Angiospermas
236,Jacaranda campinae,Angiospermas
237,Jacaranda carajasensis,Angiospermas
238,Jacaranda egleri,Angiospermas
239,Jacaranda macrocarpa,Angiospermas
240,Jacaranda obtusifolia,Angiospermas
241,Lundia laevis,Angiospermas
242,Pachyptera aromatica,Angiospermas
243,Pachyptera incarnata,Angiospermas
244,Pleonotoma bracteata,Angiospermas
245,Pleonotoma fissicalyx,Angiospermas
246,Pleonotoma longiflora,Angiospermas
247,Pyrostegia millingtonioides,Angiospermas
248,Tanaecium decorticans,Angiospermas
249,Tynanthus densiflorus,Angiospermas
250,Aechmea egleriana,Angiospermas
251,Aechmea fernandae,Angiospermas
252,Aechmea murcae,Angiospermas
253,Aechmea polyantha,Angiospermas
254,Aechmea rodriguesiana,Angiospermas
255,Aechmea vallerandii,Angiospermas
256,Aechmea xinguana,Angiospermas
257,Billbergia dasilvae,Angiospermas
258,Brocchinia amazonica,Angiospermas
259,Bromelia araujoi,Angiospermas
260,Bromelia epiphytica,Angiospermas
261,Bromelia gracilisepala,Angiospermas
262,Bromelia morreniana,Angiospermas
263,Bromelia oliveirae,Angiospermas
264,Bromelia rondoniana,Angiospermas
265,Dyckia paraensis,Angiospermas
266,Dyckia sickii,Angiospermas
267,Dyckia silvae,Angiospermas
268,Fosterella batistiana,Angiospermas
269,Guzmania nubicola,Angiospermas
270,Guzmania vittata,Angiospermas
271,Lindmania maguirei,Angiospermas
272,Lindmania piresii,Angiospermas
273,Mezobromelia pleiosticha,Angiospermas
274,Navia corrugata,Angiospermas
275,Navia eldorado,Angiospermas
276,Navia piresii,Angiospermas
277,Navia tenuifolia,Angiospermas
278,Neoregelia margaretae,Angiospermas
279,Pitcairnia anomala,Angiospermas
280,Pitcairnia buscalionii,Angiospermas
281,Pitcairnia crinita,Angiospermas
282,Pitcairnia egleri,Angiospermas
283,Pitcairnia frequens,Angiospermas
284,Pitcairnia neeana,Angiospermas
285,Pitcairnia rondonicola,Angiospermas
286,Werauhia hylaeana,Angiospermas
287,Gymnosiphon saccatus,Angiospermas
288,Dacryodes edilsonii,Angiospermas
289,Dacryodes froesiana,Angiospermas
290,Dacryodes spatulata,Angiospermas
291,Protium cordatum,Angiospermas
292,Protium herisonii,Angiospermas
293,Protium pedicellatum,Angiospermas
294,Protium pilosellum,Angiospermas
295,Protium tonyanum,Angiospermas
296,Trattinnickia dalyana,Angiospermas
297,Trattinnickia zickeliana,Angiospermas
298,Cabomba schwartzii,Angiospermas
299,Melocactus estevesii,Angiospermas
300,Caraipa aracaensis,Angiospermas
301,Caraipa balbinensis,Angiospermas
302,Caraipa foveolata,Angiospermas
303,Caraipa glabra,Angiospermas
304,Caraipa iracemensis,Angiospermas
305,Caraipa longisepala,Angiospermas
306,Caraipa minor,Angiospermas
307,Caraipa multinervia,Angiospermas
308,Caraipa odorata,Angiospermas
309,Caraipa rodriguesii,Angiospermas
310,Clusiella impressinervis,Angiospermas
311,Haploclathra grandiflora,Angiospermas
312,Haploclathra verticillata,Angiospermas
313,Kielmeyera oreophila,Angiospermas
314,Celtis schippii,Angiospermas
315,Cheiloclinium puberulum,Angiospermas
316,Monteverdia laurina,Angiospermas
317,Peritassa manaoara,Angiospermas
318,Peritassa petiolata,Angiospermas
319,Acioa edulis,Angiospermas
320,Acioa longipendula,Angiospermas
321,Couepia cataractae,Angiospermas
322,Couepia cidiana,Angiospermas
323,Couepia eriantha,Angiospermas
324,Couepia froesii,Angiospermas
325,Couepia glabra,Angiospermas
326,Couepia marleneae,Angiospermas
327,Couepia morii,Angiospermas
328,Couepia reflexa,Angiospermas
329,Couepia robusta,Angiospermas
330,Couepia spicata,Angiospermas
331,Couepia stipularis,Angiospermas
332,Gaulettia amaraliae,Angiospermas
333,Hirtella arenosa,Angiospermas
334,Hirtella barnebyi,Angiospermas
335,Hirtella conduplicata,Angiospermas
336,Hirtella dorvalii,Angiospermas
337,Hirtella fasciculata,Angiospermas
338,Hirtella kuhlmannii,Angiospermas
339,Hirtella lancifolia,Angiospermas
340,Hirtella longifolia,Angiospermas
341,Hirtella myrmecophila,Angiospermas
342,Hirtella paraensis,Angiospermas
343,Hirtella radamii,Angiospermas
344,Hirtella scaberula,Angiospermas
345,Hymenopus adolphoduckei,Angiospermas
346,Hymenopus conferruminatus,Angiospermas
347,Hymenopus miltonii,Angiospermas
348,Hymenopus sothersiae,Angiospermas
349,Leptobalanus joseramosii,Angiospermas
350,Licania apiculata,Angiospermas
351,Licania aracaensis,Angiospermas
352,Licania bellingtonii,Angiospermas
353,Licania ferreirae,Angiospermas
354,Licania impressa,Angiospermas
355,Licania marleneae,Angiospermas
356,Licania maxima,Angiospermas
357,Licania nelsonii,Angiospermas
358,Licania teixeirae,Angiospermas
359,Licania tocantina,Angiospermas
360,Moquilea anneae,Angiospermas
361,Moquilea fritschii,Angiospermas
362,Moquilea maranhensis,Angiospermas
363,Parinari cardiophylla,Angiospermas
364,Clusia lutea,Angiospermas
365,Clusia nigrolineata,Angiospermas
366,Clusia nitida,Angiospermas
367,Clusia polysepala,Angiospermas
368,Garcinia albuquerquei,Angiospermas
369,Lorostemon coelhoi,Angiospermas
370,Lorostemon negrense,Angiospermas
371,Moronobea pulchra,Angiospermas
372,Tovomita cornuta,Angiospermas
373,Tovomita duckei,Angiospermas
374,Tovomita hopkinsii,Angiospermas
375,Tovomita longirostrata,Angiospermas
376,Tovomita manauara,Angiospermas
377,Tovomita speciosa,Angiospermas
378,Tovomita vismiifolia,Angiospermas
379,Combretum rotundifolium,Angiospermas
380,Terminalia congesta,Angiospermas
381,Terminalia duckei,Angiospermas
382,Terminalia fanshawei,Angiospermas
383,Terminalia macrophylla,Angiospermas
384,Terminalia ochroprumna,Angiospermas
385,Terminalia pallidovirens,Angiospermas
386,Terminalia pulcherrima,Angiospermas
387,Terminalia suaveolens,Angiospermas
388,Terminalia viridiflora,Angiospermas
389,Cnestidium froesii,Angiospermas
390,Connarus angustifolius,Angiospermas
391,Connarus manausensis,Angiospermas
392,Connarus marleneae,Angiospermas
393,Connarus ramiflorus,Angiospermas
394,Rourea duckei,Angiospermas
395,Rourea kappleri,Angiospermas
396,Rourea ligulata,Angiospermas
397,Rourea paraensis,Angiospermas
398,Rourea pubescens,Angiospermas
399,Bonamia ferruginea,Angiospermas
400,Dicranostyles falconiana,Angiospermas
401,Dicranostyles solimoesensis,Angiospermas
402,Dicranostyles yrypoana,Angiospermas
403,Ipomoea cavalcantei,Angiospermas
404,Ipomoea marabaensis,Angiospermas
405,Ipomoea spruceana,Angiospermas
406,Maripa elongata,Angiospermas
407,Cordia decipiens,Angiospermas
408,Cordia ripicola,Angiospermas
409,Cordia ulei,Angiospermas
410,Chamaecostus fragilis,Angiospermas
411,Chamaecostus fusiformis,Angiospermas
412,Costus fortalezae,Angiospermas
413,Costus juruanus,Angiospermas
414,Costus sprucei,Angiospermas
415,Cayaponia duckei,Angiospermas
416,Gurania malacophylla,Angiospermas
417,Gurania spruceana,Angiospermas
418,Gurania velutina,Angiospermas
419,Asplundia brasiliensis,Angiospermas
420,Asplundia krukoffii,Angiospermas
421,Asplundia latifrons,Angiospermas
422,Bisboeckelera longifolia,Angiospermas
423,Bulbostylis cangae,Angiospermas
424,Bulbostylis graminifolia,Angiospermas
425,Cyperus bampsii,Angiospermas
426,Eleocharis ayacuchensis,Angiospermas
427,Eleocharis pedrovianae,Angiospermas
428,Eleocharis tenuiculmis,Angiospermas
429,Rhynchospora acanthoma,Angiospermas
430,Rhynchospora paraensis,Angiospermas
431,Rhynchospora ruiziana,Angiospermas
432,Rhynchospora seccoi,Angiospermas
433,Scleria pusilla,Angiospermas
434,Scleria scandens,Angiospermas
435,Dichapetalum coelhoi,Angiospermas
436,Dichapetalum pauper,Angiospermas
437,Tapura lanceolata,Angiospermas
438,Tapura singularis,Angiospermas
439,Davilla cuspidulata,Angiospermas
440,Davilla lanosa,Angiospermas
441,Davilla neei,Angiospermas
442,Davilla pedicellaris,Angiospermas
443,Davilla strigosa,Angiospermas
444,Doliocarpus aracaensis,Angiospermas
445,Doliocarpus areolatus,Angiospermas
446,Doliocarpus aureobaccus,Angiospermas
447,Doliocarpus humboldtianus,Angiospermas
448,Doliocarpus prancei,Angiospermas
449,Doliocarpus pruskii,Angiospermas
450,Dioscorea lacerdaei,Angiospermas
451,Dioscorea neblinensis,Angiospermas
452,Dioscorea traillii,Angiospermas
453,Drosera amazonica,Angiospermas
454,Diospyros akaraiensis,Angiospermas
455,Diospyros arupaj,Angiospermas
456,Diospyros bullata,Angiospermas
457,Diospyros cachimboensis,Angiospermas
458,Diospyros guatterioides,Angiospermas
459,Diospyros kondor,Angiospermas
460,Diospyros krukovii,Angiospermas
461,Diospyros landii,Angiospermas
462,Diospyros longistyla,Angiospermas
463,Diospyros manausensis,Angiospermas
464,Diospyros santaremnensis,Angiospermas
465,Diospyros tarim,Angiospermas
466,Diospyros trombetensis,Angiospermas
467,Diospyros uaupensis,Angiospermas
468,Rotula pohlii,Angiospermas
469,Sloanea dubia,Angiospermas
470,Sloanea erismoides,Angiospermas
471,Sloanea froesii,Angiospermas
472,Sloanea heteroneura,Angiospermas
473,Sloanea parva,Angiospermas
474,Sloanea pseudoverticillata,Angiospermas
475,Gaylussacia amazonica,Angiospermas
476,Vaccinium pipolyi,Angiospermas
477,Eriocaulon carajense,Angiospermas
478,Eriocaulon herzogii,Angiospermas
479,Eriocaulon milhoense,Angiospermas
480,Eriocaulon multiscapum,Angiospermas
481,Paepalanthus cururensis,Angiospermas
482,Paepalanthus fasciculatus,Angiospermas
483,Paepalanthus piresii,Angiospermas
484,Paepalanthus septentrionalis,Angiospermas
485,Paepalanthus singularius,Angiospermas
486,Syngonanthus cachimboensis,Angiospermas
487,Syngonanthus discretifolius,Angiospermas
488,Syngonanthus egleri,Angiospermas
489,Syngonanthus heteropeploides,Angiospermas
490,Syngonanthus lanatus,Angiospermas
491,Syngonanthus sickii,Angiospermas
492,Syngonanthus xinguensis,Angiospermas
493,Heisteria amazonica,Angiospermas
494,Heisteria amphoricarpa,Angiospermas
495,Heisteria huberiana,Angiospermas
496,Heisteria laxiflora,Angiospermas
497,Erythroxylum campinense,Angiospermas
498,Erythroxylum carajasense,Angiospermas
499,Erythroxylum cordato-ovatum,Angiospermas
500,Erythroxylum nelson-rosae,Angiospermas
501,Erythroxylum timothei,Angiospermas
502,Acalypha acuminata,Angiospermas
503,Angostylis longifolia,Angiospermas
504,Anomalocalyx uleanus,Angiospermas
505,Astrococcus cornutus,Angiospermas
506,Caryodendron amazonicum,Angiospermas
507,Chicomendes rubiginosus,Angiospermas
508,Conceveiba prealta,Angiospermas
509,Croton abonari,Angiospermas
510,Croton arirambae,Angiospermas
511,Croton ascendens,Angiospermas
512,Croton asperrimus,Angiospermas
513,Croton borbensis,Angiospermas
514,Croton campinarensis,Angiospermas
515,Croton caryophyllus,Angiospermas
516,Croton diasii,Angiospermas
517,Croton dissectistipulatus,Angiospermas
518,Croton faroensis,Angiospermas
519,Croton gigantifolius,Angiospermas
520,Croton paraensis,Angiospermas
521,Croton sacaquinha,Angiospermas
522,Croton spruceanus,Angiospermas
523,Croton subasperrimus,Angiospermas
524,Croton trombetensis,Angiospermas
525,Croton viroleoides,Angiospermas
526,Dalechampia gentryi,Angiospermas
527,Dalechampia hastata,Angiospermas
528,Dalechampia juruana,Angiospermas
529,Dalechampia olympiana,Angiospermas
530,Dendrothrix wurdackii,Angiospermas
531,Euphorbia duckei,Angiospermas
532,Hevea camargoana,Angiospermas
533,Hevea camporum,Angiospermas
534,Hevea spruceana,Angiospermas
535,Joannesia heveoides,Angiospermas
536,Mabea ovata,Angiospermas
537,Mabea uleana,Angiospermas
538,Manihot leptophylla,Angiospermas
539,Manihot marajoara,Angiospermas
540,Micrandra lopezii,Angiospermas
541,Micrandropsis scleroxylon,Angiospermas
542,Pausandra macropetala,Angiospermas
543,Pausandra trianae,Angiospermas
544,Sagotia heterocalyx,Angiospermas
545,Sapium pallidum,Angiospermas
546,Senefeldera triandra,Angiospermas
547,Tetrorchidium duckei,Angiospermas
548,Abarema acreana,Angiospermas
549,Abarema campestris,Angiospermas
550,Abarema cochleata,Angiospermas
551,Abarema piresii,Angiospermas
552,Albizia decandra,Angiospermas
553,Aldina heterophylla,Angiospermas
554,Aldina microphylla,Angiospermas
555,Aldina occidentalis,Angiospermas
556,Aldina polyphylla,Angiospermas
557,Alexa bauhiniiflora,Angiospermas
558,Alexa confusa,Angiospermas
559,Alexa grandiflora,Angiospermas
560,Andira macrothyrsa,Angiospermas
561,Andira micrantha,Angiospermas
562,Andira multistipula,Angiospermas
563,Andira parviflora,Angiospermas
564,Andira praecox,Angiospermas
565,Andira unifoliolata,Angiospermas
566,Androcalymma glabrifolium,Angiospermas
567,Bauhinia aureopunctata,Angiospermas
568,Bauhinia brachycalyx,Angiospermas
569,Bauhinia grandifolia,Angiospermas
570,Bauhinia longipedicellata,Angiospermas
571,Bauhinia piresii,Angiospermas
572,Calliandra jariensis,Angiospermas
573,Campsiandra robclarkiana,Angiospermas
574,Canavalia obidensis,Angiospermas
575,Cassia rubriflora,Angiospermas
576,Cenostigma tocantinum,Angiospermas
577,Centrosema carajasense,Angiospermas
578,Chamaecrista aiarana,Angiospermas
579,Chamaecrista didyma,Angiospermas
580,Chamaecrista egleri,Angiospermas
581,Chamaecrista ipanorensis,Angiospermas
582,Chamaecrista scleroxylon,Angiospermas
583,Chamaecrista xinguensis,Angiospermas
584,Clitoria cavalcantei,Angiospermas
585,Clitoria obidensis,Angiospermas
586,Clitoria tunuhiensis,Angiospermas
587,Copaifera glycycarpa,Angiospermas
588,Copaifera piresii,Angiospermas
589,Cynometra cerebriformis,Angiospermas
590,Cynometra duckei,Angiospermas
591,Cynometra longifolia,Angiospermas
592,Cynometra macrocarpa,Angiospermas
593,Cynometra marleneae,Angiospermas
594,Cynometra stenopetala,Angiospermas
595,Dalbergia grandistipula,Angiospermas
596,Dalbergia guttembergii,Angiospermas
597,Dalbergia monophylla,Angiospermas
598,Deguelia decorticans,Angiospermas
599,Deguelia duckeana,Angiospermas
600,Deguelia glaucifolia,Angiospermas
601,Deguelia occidentalis,Angiospermas
602,Deguelia tenuiflora,Angiospermas
603,Dialium rondoniense,Angiospermas
604,Dicymbe amazonica,Angiospermas
605,Dicymbe arenicola,Angiospermas
606,Dicymbe heteroxylon,Angiospermas
607,Dicymbe puncticulosa,Angiospermas
608,Dimorphandra campinarum,Angiospermas
609,Dimorphandra caudata,Angiospermas
610,Dimorphandra mediocris,Angiospermas
611,Dimorphandra parviflora,Angiospermas
612,Dimorphandra urubuensis,Angiospermas
613,Dioclea fimbriata,Angiospermas
614,Diplotropis rodriguesii,Angiospermas
615,Discolobium tocantinum,Angiospermas
616,Elizabetha bicolor,Angiospermas
617,Elizabetha durissima,Angiospermas
618,Elizabetha paraensis,Angiospermas
619,Elizabetha speciosa,Angiospermas
620,Entada simplicata,Angiospermas
621,Eperua duckeana,Angiospermas
622,Eperua glabriflora,Angiospermas
623,Eperua oleifera,Angiospermas
624,Eperua praesagata,Angiospermas
625,Heterostemon impar,Angiospermas
626,Hydrochorea uaupensis,Angiospermas
627,Hymenaea jeaniana,Angiospermas
628,Hymenaea reticulata,Angiospermas
629,Hymenolobium excelsum,Angiospermas
630,Hymenolobium grazielanum,Angiospermas
631,Hymenolobium heterocarpum,Angiospermas
632,Hymenolobium modestum,Angiospermas
633,Hymenolobium sericeum,Angiospermas
634,Inga bicoloriflora,Angiospermas
635,Inga bullatorugosa,Angiospermas
636,Inga calantha,Angiospermas
637,Inga caudata,Angiospermas
638,Inga chartacea,Angiospermas
639,Inga exilis,Angiospermas
640,Inga leptocarpa,Angiospermas
641,Inga microcalyx,Angiospermas
642,Inga obtusata,Angiospermas
643,Inga panurensis,Angiospermas
644,Inga retinocarpa,Angiospermas
645,Inga salicifoliola,Angiospermas
646,Inga santaremnensis,Angiospermas
647,Inga stipularis,Angiospermas
648,Inga suberosa,Angiospermas
649,Inga xinguensis,Angiospermas
650,Jacqueshuberia purpurea,Angiospermas
651,Jacqueshuberia quinquangulata,Angiospermas
652,Luetzelburgia amazonica,Angiospermas
653,Machaerium aureiflorum,Angiospermas
654,Machaerium castaneiflorum,Angiospermas
655,Machaerium caudatum,Angiospermas
656,Machaerium complanatum,Angiospermas
657,Machaerium costulatum,Angiospermas
658,Machaerium froesii,Angiospermas
659,Machaerium hoehneanum,Angiospermas
660,Machaerium piresii,Angiospermas
661,Machaerium trifoliolatum,Angiospermas
662,Macrolobium aracaense,Angiospermas
663,Macrolobium brevense,Angiospermas
664,Macrolobium cidii,Angiospermas
665,Macrolobium conjunctum,Angiospermas
666,Macrolobium cowanii,Angiospermas
667,Macrolobium duckeanum,Angiospermas
668,Macrolobium froesii,Angiospermas
669,Macrolobium furcatum,Angiospermas
670,Macrolobium longipedicellatum,Angiospermas
671,Macrolobium palustre,Angiospermas
672,Macrolobium parvifolium,Angiospermas
673,Macrolobium prancei,Angiospermas
674,Macrolobium urupaense,Angiospermas
675,Macropsychanthus duckei,Angiospermas
676,Macropsychanthus flexuosus,Angiospermas
677,Macrosamanea duckei,Angiospermas
678,Macrosamanea macrocalyx,Angiospermas
679,Macrosamanea prancei,Angiospermas
680,Mimosa calliandroides,Angiospermas
681,Mimosa dasilvae,Angiospermas
682,Monopteryx angustifolia,Angiospermas
683,Mora paraensis,Angiospermas
684,Muellera denudata,Angiospermas
685,Muellera tozziana,Angiospermas
686,Nissolia rondonensis,Angiospermas
687,Ormosia froesii,Angiospermas
688,Ormosia paraensis,Angiospermas
689,Ormosia santaremnensis,Angiospermas
690,Paloue induta,Angiospermas
691,Panurea bowdichioides,Angiospermas
692,Paramachaerium krukovii,Angiospermas
693,Parkia lutea,Angiospermas
694,Parkia paraensis,Angiospermas
695,Peltogyne altissima,Angiospermas
696,Peltogyne campestris,Angiospermas
697,Peltogyne catingae,Angiospermas
698,Peltogyne excelsa,Angiospermas
699,Peltogyne gracilipes,Angiospermas
700,Peltogyne lecointei,Angiospermas
701,Peltogyne micrantha,Angiospermas
702,Peltogyne paradoxa,Angiospermas
703,Petaladenium urceoliferum,Angiospermas
704,Platymiscium filipes,Angiospermas
705,Recordoxylon stenopetalum,Angiospermas
706,Schnella alata,Angiospermas
707,Schnella altiscandens,Angiospermas
708,Schnella erythrantha,Angiospermas
709,Schnella longiseta,Angiospermas
710,Schnella platycalyx,Angiospermas
711,Schnella sprucei,Angiospermas
712,Schnella stenopetala,Angiospermas
713,Senna cornigera,Angiospermas
714,Staminodianthus rosae,Angiospermas
715,Stryphnodendron conicum,Angiospermas
716,Stryphnodendron procerum,Angiospermas
717,Stryphnodendron riparium,Angiospermas
718,Swartzia amazonica,Angiospermas
719,Swartzia arumateuana,Angiospermas
720,Swartzia conferta,Angiospermas
721,Swartzia coriaceifolia,Angiospermas
722,Swartzia corrugata,Angiospermas
723,Swartzia discocarpa,Angiospermas
724,Swartzia duckei,Angiospermas
725,Swartzia emarginata,Angiospermas
726,Swartzia fimbriata,Angiospermas
727,Swartzia fraterna,Angiospermas
728,Swartzia ingens,Angiospermas
729,Swartzia ingifolia,Angiospermas
730,Swartzia krukovii,Angiospermas
731,Swartzia lamellata,Angiospermas
732,Swartzia lanata,Angiospermas
733,Swartzia laurifolia,Angiospermas
734,Swartzia longistipitata,Angiospermas
735,Swartzia lucida,Angiospermas
736,Swartzia macrocarpa,Angiospermas
737,Swartzia manausensis,Angiospermas
738,Swartzia martii,Angiospermas
739,Swartzia obscura,Angiospermas
740,Swartzia oriximinaensis,Angiospermas
741,Swartzia pernitida,Angiospermas
742,Swartzia prolata,Angiospermas
743,Swartzia recurva,Angiospermas
744,Swartzia rugosa,Angiospermas
745,Swartzia tomentifera,Angiospermas
746,Swartzia ulei,Angiospermas
747,Swartzia velutina,Angiospermas
748,Tachigali argyrophylla,Angiospermas
749,Tachigali candelabrum,Angiospermas
750,Tachigali catingae,Angiospermas
751,Tachigali fusca,Angiospermas
752,Tachigali goeldiana,Angiospermas
753,Tachigali grandistipulata,Angiospermas
754,Tachigali hypoleuca,Angiospermas
755,Tachigali leiocalyx,Angiospermas
756,Tachigali macropetala,Angiospermas
757,Tachigali macrostachya,Angiospermas
758,Tachigali melanocarpa,Angiospermas
759,Tachigali multijuga,Angiospermas
760,Tachigali prancei,Angiospermas
761,Tachigali schultesiana,Angiospermas
762,Trischidium racemulosum,Angiospermas
763,Vataireopsis iglesiasii,Angiospermas
764,Vouacapoua pallidior,Angiospermas
765,Zygia transamazonica,Angiospermas
766,Zygia trunciflora,Angiospermas
767,Aripuana cullmaniorum,Angiospermas
768,Irlbachia nemorosa,Angiospermas
769,Macrocarpaea piresii,Angiospermas
770,Roraimaea aurantiaca,Angiospermas
771,Tachia grandiflora,Angiospermas
772,Tachia lancisepala,Angiospermas
773,Tachia siwertii,Angiospermas
774,Tachia smithii,Angiospermas
775,Voyria alvesiana,Angiospermas
776,Yanomamua araca,Angiospermas
777,Chrysothemis kuhlmannii,Angiospermas
778,Chrysothemis rupestris,Angiospermas
779,Lesia tepuiensis,Angiospermas
780,Nautilocalyx decumbens,Angiospermas
781,Nautilocalyx mulfordii,Angiospermas
782,Sinningia minima,Angiospermas
783,Heliconia adeliana,Angiospermas
784,Duckesia verrucosa,Angiospermas
785,Endopleura uchi,Angiospermas
786,Humiriastrum purusensis,Angiospermas
787,Hylocarpa heterocarpa,Angiospermas
788,Sacoglottis ceratocarpa,Angiospermas
789,Schistostemon macrophyllum,Angiospermas
790,Vantanea aracaensis,Angiospermas
791,Vantanea deniseae,Angiospermas
792,Vantanea macrocarpa,Angiospermas
793,Vantanea micrantha,Angiospermas
794,Vantanea tuberculata,Angiospermas
795,Vismia cauliflora,Angiospermas
796,Vismia cavalcantei,Angiospermas
797,Casimirella ampla,Angiospermas
798,Casimirella rupestris,Angiospermas
799,Aegiphila duckei,Angiospermas
800,Aegiphila exiguiflora,Angiospermas
801,Aegiphila froesii,Angiospermas
802,Aegiphila goeldiana,Angiospermas
803,Gymneia moniliformis,Angiospermas
804,Hyptidendron dorothyanum,Angiospermas
805,Hyptis hispida,Angiospermas
806,Hyptis tumidicalyx,Angiospermas
807,Scutellaria alborosea,Angiospermas
808,Scutellaria leucantha,Angiospermas
809,Vitex brevilabiata,Angiospermas
810,Vitex duckei,Angiospermas
811,Vitex excelsa,Angiospermas
812,Vitex froesii,Angiospermas
813,Vitex krukovii,Angiospermas
814,Vitex maranhana,Angiospermas
815,Vitex odorata,Angiospermas
816,Vitex pseudolea,Angiospermas
817,Vitex snethlagiana,Angiospermas
818,Vitex spongiocarpa,Angiospermas
819,Vitex sprucei,Angiospermas
820,Aniba burchellii,Angiospermas
821,Aniba parviflora,Angiospermas
822,Aniba rosiodora,Angiospermas
823,Aniba santalodora,Angiospermas
824,Dicypellium caryophyllaceum,Angiospermas
825,Dicypellium manausense,Angiospermas
826,Endlicheria bullata,Angiospermas
827,Endlicheria coriacea,Angiospermas
828,Endlicheria directonervia,Angiospermas
829,Endlicheria goeldiana,Angiospermas
830,Endlicheria krukovii,Angiospermas
831,Endlicheria longicaudata,Angiospermas
832,Endlicheria robusta,Angiospermas
833,Licaria hirsuta,Angiospermas
834,Licaria puchury-major,Angiospermas
835,Licaria rodriguesii,Angiospermas
836,Mezilaurus caatingae,Angiospermas
837,Mezilaurus decurrens,Angiospermas
838,Mezilaurus duckei,Angiospermas
839,Mezilaurus manausensis,Angiospermas
840,Mezilaurus micrantha,Angiospermas
841,Nectandra grisea,Angiospermas
842,Nectandra impressa,Angiospermas
843,Ocotea albescens,Angiospermas
844,Ocotea bilocellata,Angiospermas
845,Ocotea delicata,Angiospermas
846,Ocotea douradensis,Angiospermas
847,Ocotea duplocolorata,Angiospermas
848,Ocotea fragrantissima,Angiospermas
849,Ocotea ligulata,Angiospermas
850,Ocotea minor,Angiospermas
851,Ocotea nigrescens,Angiospermas
852,Ocotea obliqua,Angiospermas
853,Ocotea silvae,Angiospermas
854,Paraia bracteata,Angiospermas
855,Persea benthamiana,Angiospermas
856,Persea jariensis,Angiospermas
857,Pleurothyrium prancei,Angiospermas
858,Pleurothyrium undulatum,Angiospermas
859,Rhodostemonodaphne curicuriarensis,Angiospermas
860,Rhodostemonodaphne negrensis,Angiospermas
861,Rhodostemonodaphne parvifolia,Angiospermas
862,Rhodostemonodaphne peneia,Angiospermas
863,Rhodostemonodaphne recurva,Angiospermas
864,Allantoma integrifolia,Angiospermas
865,Allantoma kuhlmannii,Angiospermas
866,Allantoma pachyantha,Angiospermas
867,Allantoma pauciramosa,Angiospermas
868,Allantoma uaupensis,Angiospermas
869,Cariniana penduliflora,Angiospermas
870,Corythophora alta,Angiospermas
871,Couratari longipedicellata,Angiospermas
872,Couratari prancei,Angiospermas
873,Couratari tauari,Angiospermas
874,Eschweilera amazonica,Angiospermas
875,Eschweilera amazoniciformis,Angiospermas
876,Eschweilera atropetiolata,Angiospermas
877,Eschweilera carinata,Angiospermas
878,Eschweilera cyathiformis,Angiospermas
879,Eschweilera grandiflora,Angiospermas
880,Eschweilera obversa,Angiospermas
881,Eschweilera pseudodecolorans,Angiospermas
882,Eschweilera rabeliana,Angiospermas
883,Eschweilera rankiniae,Angiospermas
884,Eschweilera rhododendrifolia,Angiospermas
885,Eschweilera romeu-cardosoi,Angiospermas
886,Eschweilera subcordata,Angiospermas
887,Eschweilera truncata,Angiospermas
888,Gustavia elliptica,Angiospermas
889,Gustavia erythrocarpa,Angiospermas
890,Gustavia longepetiolata,Angiospermas
891,Gustavia longifolia,Angiospermas
892,Lecythis barnebyi,Angiospermas
893,Lecythis gracieana,Angiospermas
894,Lecythis idatimon,Angiospermas
895,Lecythis parvifructa,Angiospermas
896,Lecythis prancei,Angiospermas
897,Lecythis retusa,Angiospermas
898,Lecythis serrata,Angiospermas
899,Genlisea multiflora,Angiospermas
900,Utricularia ariramba,Angiospermas
901,Utricularia jaramacaru,Angiospermas
902,Utricularia physoceras,Angiospermas
903,Bonyunia magnifica,Angiospermas
904,Bonyunia venusta,Angiospermas
905,Spigelia megapotamica,Angiospermas
906,Spigelia spruceana,Angiospermas
907,Strychnos froesii,Angiospermas
908,Strychnos macrophylla,Angiospermas
909,Strychnos malacosperma,Angiospermas
910,Strychnos neglecta,Angiospermas
911,Strychnos pachycarpa,Angiospermas
912,Passovia bracteata,Angiospermas
913,Passovia brasiliana,Angiospermas
914,Psittacanthus atrolineatus,Angiospermas
915,Psittacanthus dentatus,Angiospermas
916,Psittacanthus ovatus,Angiospermas
917,Struthanthus gracilis,Angiospermas
918,Struthanthus prancei,Angiospermas
919,Cuphea alatosperma,Angiospermas
920,Cuphea carajasensis,Angiospermas
921,Cuphea egleri,Angiospermas
922,Cuphea exilis,Angiospermas
923,Cuphea rionegrensis,Angiospermas
924,Cuphea sabulosa,Angiospermas
925,Acmanthera cowanii,Angiospermas
926,Acmanthera duckei,Angiospermas
927,Acmanthera latifolia,Angiospermas
928,Acmanthera longifolia,Angiospermas
929,Acmanthera minima,Angiospermas
930,Acmanthera parviflora,Angiospermas
931,Alicia macrodisca,Angiospermas
932,Banisteriopsis schwannioides,Angiospermas
933,Blepharandra cachimbensis,Angiospermas
934,Blepharandra intermedia,Angiospermas
935,Bronwenia brevipedicellata,Angiospermas
936,Burdachia duckei,Angiospermas
937,Byrsonima delicatula,Angiospermas
938,Byrsonima euryphylla,Angiospermas
939,Byrsonima frondosa,Angiospermas
940,Byrsonima hirsuta,Angiospermas
941,Byrsonima piresii,Angiospermas
942,Byrsonima rodriguesii,Angiospermas
943,Byrsonima souzae,Angiospermas
944,Christianella paludicola,Angiospermas
945,Diacidia aracaënsis,Angiospermas
946,Diplopterys cachimbensis,Angiospermas
947,Diplopterys cururuënsis,Angiospermas
948,Diplopterys rondoniensis,Angiospermas
949,Glandonia prancei,Angiospermas
950,Heteropterys catoptera,Angiospermas
951,Heteropterys ciliata,Angiospermas
952,Heteropterys marleneae,Angiospermas
953,Heteropterys mathewsana,Angiospermas
954,Heteropterys murcapiresii,Angiospermas
955,Hiraea holmgreniorum,Angiospermas
956,Hiraea silvae,Angiospermas
957,Hiraea silvicola,Angiospermas
958,Janusia paraensis,Angiospermas
959,Lophanthera lactescens,Angiospermas
960,Lophanthera pendula,Angiospermas
961,Lophanthera spruceana,Angiospermas
962,Malpighiodes bracteosa,Angiospermas
963,Malpighiodes leucanthele,Angiospermas
964,Mascagnia riparia,Angiospermas
965,Mascagnia tucuruensis,Angiospermas
966,Mezia sericea,Angiospermas
967,Pterandra arborea,Angiospermas
968,Pterandra egleri,Angiospermas
969,Pterandra evansii,Angiospermas
970,Stigmaphyllon stylopogon,Angiospermas
971,Tetrapterys cordifolia,Angiospermas
972,Verrucularina piresii,Angiospermas
973,Aguiaria excelsa,Angiospermas
974,Apeiba trombetensis,Angiospermas
975,Bastardiopsis grewiifolia,Angiospermas
976,Catostemma albuquerquei,Angiospermas
977,Catostemma cavalcantei,Angiospermas
978,Catostemma grazielae,Angiospermas
979,Catostemma lanceolatum,Angiospermas
980,Catostemma milanezii,Angiospermas
981,Catostemma sclerophyllum,Angiospermas
982,Eriotheca longipedicellata,Angiospermas
983,Gaya scopulorum,Angiospermas
984,Helicteres lenta,Angiospermas
985,Helicteres urupensis,Angiospermas
986,Herrania nitida,Angiospermas
987,Hibiscus amazonicus,Angiospermas
988,Lueheopsis burretiana,Angiospermas
989,Matisia bicolor,Angiospermas
990,Matisia lecythicarpa,Angiospermas
991,Mollia cuneata,Angiospermas
992,Mollia longifolia,Angiospermas
993,Mollia macrophylla,Angiospermas
994,Mollia nitida,Angiospermas
995,Mollia paraensis,Angiospermas
996,Pachira manausensis,Angiospermas
997,Pachira tocantina,Angiospermas
998,Patinoa paraensis,Angiospermas
999,Patinoa sphaerocarpa,Angiospermas
1000,Pavonia paraënsis,Angiospermas
1001,Pavonia piptocalyx,Angiospermas
1002,Quararibea amazonica,Angiospermas
1003,Quararibea spatulata,Angiospermas
1004,Scleronema spruceana,Angiospermas
1005,Sida marabaensis,Angiospermas
1006,Sterculia albidiflora,Angiospermas
1007,Sterculia apeibophylla,Angiospermas
1008,Sterculia megalocarpa,Angiospermas
1009,Sterculia pendula,Angiospermas
1010,Sterculia rigidifolia,Angiospermas
1011,Sterculia stipulifera,Angiospermas
1012,Theobroma canumanense,Angiospermas
1013,Wissadula cuspidata,Angiospermas
1014,Goeppertia crocata,Angiospermas
1015,Goeppertia lagoagriana,Angiospermas
1016,Goeppertia loeseneri,Angiospermas
1017,Ischnosiphon crassispicus,Angiospermas
1018,Ischnosiphon paryrizinho,Angiospermas
1019,Maranta sophiana,Angiospermas
1020,Monotagma breviscapum,Angiospermas
1021,Monotagma congestum,Angiospermas
1022,Monotagma floribundum,Angiospermas
1023,Monotagma humile,Angiospermas
1024,Monotagma lilacinum,Angiospermas
1025,Marcgravia punctifolia,Angiospermas
1026,Aciotis ferreirana,Angiospermas
1027,Aciotis wurdackiana,Angiospermas
1028,Bellucia egensis,Angiospermas
1029,Bellucia nigricans,Angiospermas
1030,Bellucia riparia,Angiospermas
1031,Bellucia wurdackiana,Angiospermas
1032,Brasilianthus carajensis,Angiospermas
1033,Clidemia ferox,Angiospermas
1034,Comolia amazonica,Angiospermas
1035,Comolia berberifolia,Angiospermas
1036,Graffenrieda maturaca,Angiospermas
1037,Graffenrieda moaensis,Angiospermas
1038,Leandra coadunata,Angiospermas
1039,Macairea cuieirasii,Angiospermas
1040,Macairea theresiae,Angiospermas
1041,Macrocentrum aurimontium,Angiospermas
1042,Meriania aracaensis,Angiospermas
1043,Meriania neblinensis,Angiospermas
1044,Miconia comptifolia,Angiospermas
1045,Miconia cowanii,Angiospermas
1046,Miconia forzzae,Angiospermas
1047,Miconia manauara,Angiospermas
1048,Miconia mattogrossensis,Angiospermas
1049,Miconia mazanana,Angiospermas
1050,Miconia navioensis,Angiospermas
1051,Miconia papillosperma,Angiospermas
1052,Miconia rondoniensis,Angiospermas
1053,Miconia santaremensis,Angiospermas
1054,Miconia schwackei,Angiospermas
1055,Miconia secundiflora,Angiospermas
1056,Miconia suberosa,Angiospermas
1057,Miconia subsimplex,Angiospermas
1058,Miconia umbrosa,Angiospermas
1059,Miconia waimiri-atroari,Angiospermas
1060,Microlicia sickii,Angiospermas
1061,Mouriri brachyanthera,Angiospermas
1062,Mouriri dimorphandra,Angiospermas
1063,Mouriri duckeanoides,Angiospermas
1064,Mouriri eugeniifolia,Angiospermas
1065,Mouriri froesii,Angiospermas
1066,Mouriri lunatanthera,Angiospermas
1067,Mouriri micradenia,Angiospermas
1068,Mouriri monopora,Angiospermas
1069,Mouriri obtusiloba,Angiospermas
1070,Mouriri spruceana,Angiospermas
1071,Mouriri torquata,Angiospermas
1072,Mouriri trunciflora,Angiospermas
1073,Pleroma carajasense,Angiospermas
1074,Poteranthera windischii,Angiospermas
1075,Pterolepis picorondonica,Angiospermas
1076,Siphanthera todziae,Angiospermas
1077,Tibouchina edmundoi,Angiospermas
1078,Votomita orbinaxia,Angiospermas
1079,Votomita plerocarpa,Angiospermas
1080,Votomita roraimensis,Angiospermas
1081,Guarea crispa,Angiospermas
1082,Guarea humaitensis,Angiospermas
1083,Guarea sprucei,Angiospermas
1084,Trichilia amapaensis,Angiospermas
1085,Trichilia bullata,Angiospermas
1086,Trichilia fasciculata,Angiospermas
1087,Trichilia minima,Angiospermas
1088,Trichilia septentrionalis,Angiospermas
1089,Caryomene glaucescens,Angiospermas
1090,Caryomene olivascens,Angiospermas
1091,Odontocarya froesii,Angiospermas
1092,Odontocarya krukoviana,Angiospermas
1093,Odontocarya membranacea,Angiospermas
1094,Odontocarya syncretica,Angiospermas
1095,Sciadotenia javariensis,Angiospermas
1096,Sciadotenia pachnococca,Angiospermas
1097,Sciadotenia paraensis,Angiospermas
1098,Telitoxicum negroensis,Angiospermas
1099,Telitoxicum rodriguesii,Angiospermas
1100,Emmotum acuminatum,Angiospermas
1101,Emmotum floribundum,Angiospermas
1102,Mollinedia grazielae,Angiospermas
1103,Brosimum longifolium,Angiospermas
1104,Castilla ulei,Angiospermas
1105,Ficus blepharophylla,Angiospermas
1106,Ficus christianii,Angiospermas
1107,Naucleopsis insculptula,Angiospermas
1108,Naucleopsis jamariensis,Angiospermas
1109,Naucleopsis pauciflora,Angiospermas
1110,Naucleopsis stipularis,Angiospermas
1111,Naucleopsis tubulata,Angiospermas
1112,Compsoneura racemosa,Angiospermas
1113,Iryanthera campinae,Angiospermas
1114,Iryanthera dialyandra,Angiospermas
1115,Virola crebrinervia,Angiospermas
1116,Virola guggenheimii,Angiospermas
1117,Calycolpus andersonii,Angiospermas
1118,Campomanesia cucullata,Angiospermas
1119,Eugenia agathopoda,Angiospermas
1120,Eugenia belemitana,Angiospermas
1121,Eugenia breviracemosa,Angiospermas
1122,Eugenia caducibracteata,Angiospermas
1123,Eugenia calva,Angiospermas
1124,Eugenia campina,Angiospermas
1125,Eugenia denigrata,Angiospermas
1126,Eugenia dentata,Angiospermas
1127,Eugenia fortuita,Angiospermas
1128,Eugenia froesii,Angiospermas
1129,Eugenia illepida,Angiospermas
1130,Eugenia lasiothecia,Angiospermas
1131,Eugenia longiracemosa,Angiospermas
1132,Eugenia manausensis,Angiospermas
1133,Eugenia pallidopunctata,Angiospermas
1134,Eugenia percincta,Angiospermas
1135,Eugenia stenosepaloides,Angiospermas
1136,Myrcia aliena,Angiospermas
1137,Myrcia amanana,Angiospermas
1138,Myrcia amapensis,Angiospermas
1139,Myrcia amoena,Angiospermas
1140,Myrcia breviflora,Angiospermas
1141,Myrcia caloneura,Angiospermas
1142,Myrcia cantana,Angiospermas
1143,Myrcia castanea,Angiospermas
1144,Myrcia corticosa,Angiospermas
1145,Myrcia cuprea,Angiospermas
1146,Myrcia dispar,Angiospermas
1147,Myrcia divisoria,Angiospermas
1148,Myrcia elevata,Angiospermas
1149,Myrcia eveae,Angiospermas
1150,Myrcia hoffmannseggii,Angiospermas
1151,Myrcia incompleta,Angiospermas
1152,Myrcia iranduba,Angiospermas
1153,Myrcia irregularis,Angiospermas
1154,Myrcia javariana,Angiospermas
1155,Myrcia laxa,Angiospermas
1156,Myrcia longiramea,Angiospermas
1157,Myrcia macaca,Angiospermas
1158,Myrcia magna,Angiospermas
1159,Myrcia manausensis,Angiospermas
1160,Myrcia maraana,Angiospermas
1161,Myrcia melanophylla,Angiospermas
1162,Myrcia neoschomburgkiana,Angiospermas
1163,Myrcia oreophila,Angiospermas
1164,Myrcia otocalyx,Angiospermas
1165,Myrcia piptocalyx,Angiospermas
1166,Myrcia prismatica,Angiospermas
1167,Myrcia psammophila,Angiospermas
1168,Myrcia rufotomentosa,Angiospermas
1169,Myrcia scoparia,Angiospermas
1170,Myrcia sticta,Angiospermas
1171,Myrcia summa,Angiospermas
1172,Myrcia symmetrica,Angiospermas
1173,Myrcia tarauacana,Angiospermas
1174,Myrcia telephylla,Angiospermas
1175,Myrcia tridymantha,Angiospermas
1176,Myrcia uaioai,Angiospermas
1177,Myrciaria cordata,Angiospermas
1178,Plinia clausa,Angiospermas
1179,Plinia humaitana,Angiospermas
1180,Plinia rufiflora,Angiospermas
1181,Plinia tapuruquarana,Angiospermas
1182,Neea campanulata,Angiospermas
1183,Neea rubescens,Angiospermas
1184,Neea uleana,Angiospermas
1185,Nymphaea paganuccii,Angiospermas
1186,Nymphaea potamophila,Angiospermas
1187,Nymphaea rapinii,Angiospermas
1188,Blastemanthus grandiflorus,Angiospermas
1189,Ouratea acuminata,Angiospermas
1190,Ouratea barrae,Angiospermas
1191,Ouratea cassinifolia,Angiospermas
1192,Ouratea chrysopetala,Angiospermas
1193,Ouratea cidiana,Angiospermas
1194,Ouratea coccinea,Angiospermas
1195,Ouratea duckei,Angiospermas
1196,Ouratea inundata,Angiospermas
1197,Ouratea javariensis,Angiospermas
1198,Ouratea patens,Angiospermas
1199,Ouratea pendulosepala,Angiospermas
1200,Ouratea subcaudata,Angiospermas
1201,Ouratea thyrsoidea,Angiospermas
1202,Ouratea verruculosa,Angiospermas
1203,Ouratea vieirae,Angiospermas
1204,Sauvagesia laciniata,Angiospermas
1205,Wallacea multiflora,Angiospermas
1206,Ptychopetalum uncinatum,Angiospermas
1207,Acianthera saraca-taquerensis,Angiospermas
1208,Acianthera silvae,Angiospermas
1209,Anathallis amazonica,Angiospermas
1210,Anathallis fastigiata,Angiospermas
1211,Anathallis manausensis,Angiospermas
1212,Anathallis roseopapillosa,Angiospermas
1213,Anathallis taracuana,Angiospermas
1214,Brassavola fasciculata,Angiospermas
1215,Caluera tavaresii,Angiospermas
1216,Campylocentrum amazonicum,Angiospermas
1217,Campylocentrum tenue,Angiospermas
1218,Catasetum aculeatum,Angiospermas
1219,Catasetum alatum,Angiospermas
1220,Catasetum albovirens,Angiospermas
1221,Catasetum albuquerquei,Angiospermas
1222,Catasetum ×altaflorestense,Angiospermas
1223,Catasetum ×apolloi,Angiospermas
1224,Catasetum aripuanense,Angiospermas
1225,Catasetum ariquemense,Angiospermas
1226,Catasetum bifidum,Angiospermas
1227,Catasetum ×canaense,Angiospermas
1228,Catasetum carolinianum,Angiospermas
1229,Catasetum carrenhianum,Angiospermas
1230,Catasetum caxarariense,Angiospermas
1231,Catasetum colidense,Angiospermas
1232,Catasetum cucullatum,Angiospermas
1233,Catasetum dalastranum,Angiospermas
1234,Catasetum ×dasilvae,Angiospermas
1235,Catasetum denticulatum,Angiospermas
1236,Catasetum ×freitasii,Angiospermas
1237,Catasetum galeritum,Angiospermas
1238,Catasetum garnettianum,Angiospermas
1239,Catasetum gnomus,Angiospermas
1240,Catasetum hopkinsonianum,Angiospermas
1241,Catasetum ×issanense,Angiospermas
1242,Catasetum ivaneae,Angiospermas
1243,Catasetum kleberianum,Angiospermas
1244,Catasetum kraenzlinianum,Angiospermas
1245,Catasetum lanceatum,Angiospermas
1246,Catasetum longipes,Angiospermas
1247,Catasetum ×macedoi,Angiospermas
1248,Catasetum meeae,Angiospermas
1249,Catasetum ×mesquitae,Angiospermas
1250,Catasetum mojuense,Angiospermas
1251,Catasetum multifidum,Angiospermas
1252,Catasetum ×nogueirae,Angiospermas
1253,Catasetum oriximinaense,Angiospermas
1254,Catasetum osakadianum,Angiospermas
1255,Catasetum palmeirinhense,Angiospermas
1256,Catasetum paranaitense,Angiospermas
1257,Catasetum ×perazolianum,Angiospermas
1258,Catasetum pulchrum,Angiospermas
1259,Catasetum rigidum,Angiospermas
1260,Catasetum rivularium,Angiospermas
1261,Catasetum rolfeanum,Angiospermas
1262,Catasetum schmidtianum,Angiospermas
1263,Catasetum seccoi,Angiospermas
1264,Catasetum semicirculatum,Angiospermas
1265,Catasetum sophiae,Angiospermas
1266,Catasetum teixeiranum,Angiospermas
1267,Catasetum telespirense,Angiospermas
1268,Catasetum tigrinum,Angiospermas
1269,Catasetum tomasellii,Angiospermas
1270,Catasetum ×valdisonianum,Angiospermas
1271,Cattleya araguaiensis,Angiospermas
1272,Coryanthes cavalcantei,Angiospermas
1273,Coryanthes dasilvae,Angiospermas
1274,Coryanthes elegantium,Angiospermas
1275,Coryanthes elianae,Angiospermas
1276,Coryanthes minima,Angiospermas
1277,Coryanthes miuaensis,Angiospermas
1278,Coryanthes pacaraimensis,Angiospermas
1279,Cycnoches manoelae,Angiospermas
1280,Dichaea cornuta,Angiospermas
1281,Dichaea integrilabia,Angiospermas
1282,Dichaea picta,Angiospermas
1283,Dichaea pumila,Angiospermas
1284,Dichaea rodriguesii,Angiospermas
1285,Dryadella cardosoi,Angiospermas
1286,Dryadella osmariniana,Angiospermas
1287,Eltroplectris guimaraesii,Angiospermas
1288,Encyclia yauaperyensis,Angiospermas
1289,Epidendrum acreense,Angiospermas
1290,Epidendrum pareciense,Angiospermas
1291,Epidendrum rondoniense,Angiospermas
1292,Galeandra santarenensis,Angiospermas
1293,Gongora atropurpurea,Angiospermas
1294,Gongora jauariensis,Angiospermas
1295,Gongora juruaensis,Angiospermas
1296,Habenaria achroantha,Angiospermas
1297,Habenaria sylvicultrix,Angiospermas
1298,Ionopsis burchellii,Angiospermas
1299,Lepanthes brasiliensis,Angiospermas
1300,Lockhartia ivainae,Angiospermas
1301,Macroclinium bragae,Angiospermas
1302,Macroclinium brasiliense,Angiospermas
1303,Macroclinium paraense,Angiospermas
1304,Macroclinium saraca-taquerense,Angiospermas
1305,Macroclinium subroseum,Angiospermas
1306,Maxillaria equitans,Angiospermas
1307,Maxillaria yauaperyensis,Angiospermas
1308,Mormodes aurea,Angiospermas
1309,Mormodes buccinator,Angiospermas
1310,Mormodes castroi,Angiospermas
1311,Mormodes cucumerina,Angiospermas
1312,Mormodes dasilvae,Angiospermas
1313,Mormodes densiflora,Angiospermas
1314,Mormodes elegans,Angiospermas
1315,Mormodes gurupiensis,Angiospermas
1316,Mormodes hoehnei,Angiospermas
1317,Mormodes issanensis,Angiospermas
1318,Mormodes jamanxinensis,Angiospermas
1319,Mormodes kleberiana,Angiospermas
1320,Mormodes matogrossensis,Angiospermas
1321,Mormodes paraensis,Angiospermas
1322,Mormodes rodriguesiana,Angiospermas
1323,Mormodes tapoayensis,Angiospermas
1324,Mormodes tigrina,Angiospermas
1325,Mormodes vernixioidea,Angiospermas
1326,Notylia angustifolia,Angiospermas
1327,Notylia bisepala,Angiospermas
1328,Notylia flexuosa,Angiospermas
1329,Notylia platyglossa,Angiospermas
1330,Notylia yauaperyensis,Angiospermas
1331,Octomeria napoleon,Angiospermas
1332,Octomeria pygmaea,Angiospermas
1333,Octomeria serpens,Angiospermas
1334,Orleanesia cuneipetala,Angiospermas
1335,Palmorchis caxiuanensis,Angiospermas
1336,Palmorchis duckei,Angiospermas
1337,Palmorchis sobralioides,Angiospermas
1338,Paphinia grandiflora,Angiospermas
1339,Peristeria serroniana,Angiospermas
1340,Platystele edmundoi,Angiospermas
1341,Platystele paraensis,Angiospermas
1342,Plectrophora schmidtii,Angiospermas
1343,Rodriguezia carnea,Angiospermas
1344,Rodriguezia huebneri,Angiospermas
1345,Rodriguezia joesiana,Angiospermas
1346,Rodriguezia negrensis,Angiospermas
1347,Selenipedium isabelianum,Angiospermas
1348,Sobralia cardosoi,Angiospermas
1349,Sobralia imavieirae,Angiospermas
1350,Sobralia malmiana,Angiospermas
1351,Sobralia margaritae,Angiospermas
1352,Sobralia pumila,Angiospermas
1353,Trichosalpinx cryptantha,Angiospermas
1354,Uleiorchis longipedicellata,Angiospermas
1355,Vanilla hartii,Angiospermas
1356,Vanilla karen-christianae,Angiospermas
1357,Vanilla labellopapillata,Angiospermas
1358,Xerorchis trichorhiza,Angiospermas
1359,Buchnera carajasensis,Angiospermas
1360,Buchnera nordestina,Angiospermas
1361,Biophytum dormiens,Angiospermas
1362,Biophytum somnians,Angiospermas
1363,Dilkea retusa,Angiospermas
1364,Passiflora araujoi,Angiospermas
1365,Passiflora cordistipula,Angiospermas
1366,Passiflora cryptopetala,Angiospermas
1367,Passiflora echinasteris,Angiospermas
1368,Passiflora ernestii,Angiospermas
1369,Passiflora faroana,Angiospermas
1370,Passiflora fissurosa,Angiospermas
1371,Passiflora hexagonocarpa,Angiospermas
1372,Passiflora lorenziana,Angiospermas
1373,Passiflora menispermifolia,Angiospermas
1374,Passiflora quadrifaria,Angiospermas
1375,Passiflora riparia,Angiospermas
1376,Passiflora tholozanii,Angiospermas
1377,Ternstroemia aracae,Angiospermas
1378,Ternstroemia dehiscens,Angiospermas
1379,Ternstroemia krukoffiana,Angiospermas
1380,Ternstroemia prancei,Angiospermas
1381,Ternstroemia subcaudata,Angiospermas
1382,Ternstroemia urophora,Angiospermas
1383,Pera coccinea,Angiospermas
1384,Pera eiteniorum,Angiospermas
1385,Pera manausensis,Angiospermas
1386,Pera membranacea,Angiospermas
1387,Pera pulchrifolia,Angiospermas
1388,Amanoa almerindae,Angiospermas
1389,Amanoa congesta,Angiospermas
1390,Amanoa cupatensis,Angiospermas
1391,Amanoa gracillima,Angiospermas
1392,Amanoa marapiensis,Angiospermas
1393,Amanoa sinuosa,Angiospermas
1394,Chonocentrum cyathophorum,Angiospermas
1395,Phyllanthus aracaensis,Angiospermas
1396,Phyllanthus biantherifer,Angiospermas
1397,Phyllanthus madeirensis,Angiospermas
1398,Phyllanthus martii,Angiospermas
1399,Phyllanthus spruceanus,Angiospermas
1400,Picramnia ferrea,Angiospermas
1401,Peperomia acreana,Angiospermas
1402,Peperomia albopilosa,Angiospermas
1403,Peperomia alegrensis,Angiospermas
1404,Peperomia blackii,Angiospermas
1405,Peperomia cruzeirensis,Angiospermas
1406,Peperomia egleri,Angiospermas
1407,Peperomia fluviatilis,Angiospermas
1408,Peperomia huberi,Angiospermas
1409,Peperomia lindmaniana,Angiospermas
1410,Peperomia pellucidoides,Angiospermas
1411,Peperomia pseudoserratirhachis,Angiospermas
1412,Peperomia ripicola,Angiospermas
1413,Peperomia simulans,Angiospermas
1414,Peperomia spruceana,Angiospermas
1415,Peperomia sulcata,Angiospermas
1416,Peperomia sumidoriana,Angiospermas
1417,Peperomia tenuilimba,Angiospermas
1418,Piper acutilimbum,Angiospermas
1419,Piper addisonii,Angiospermas
1420,Piper albopilosum,Angiospermas
1421,Piper aramanum,Angiospermas
1422,Piper auriculifolium,Angiospermas
1423,Piper belterraense,Angiospermas
1424,Piper brachypetiolatum,Angiospermas
1425,Piper brevesanum,Angiospermas
1426,Piper burenii,Angiospermas
1427,Piper capitarianum,Angiospermas
1428,Piper carniconnectivum,Angiospermas
1429,Piper cavalcantei,Angiospermas
1430,Piper chumboense,Angiospermas
1431,Piper coariense,Angiospermas
1432,Piper cowanii,Angiospermas
1433,Piper crassipedunculum,Angiospermas
1434,Piper curtistilum,Angiospermas
1435,Piper emmerichianum,Angiospermas
1436,Piper erectipilum,Angiospermas
1437,Piper faroense,Angiospermas
1438,Piper froesii,Angiospermas
1439,Piper fulgidum,Angiospermas
1440,Piper glabrescens,Angiospermas
1441,Piper glandulosissimum,Angiospermas
1442,Piper goeldii,Angiospermas
1443,Piper humillimum,Angiospermas
1444,Piper limosum,Angiospermas
1445,Piper macapaense,Angiospermas
1446,Piper manausense,Angiospermas
1447,Piper mastersianum,Angiospermas
1448,Piper millegranum,Angiospermas
1449,Piper moense,Angiospermas
1450,Piper montealegreanum,Angiospermas
1451,Piper monteverdeanum,Angiospermas
1452,Piper moreiranum,Angiospermas
1453,Piper negroense,Angiospermas
1454,Piper nigribaccum,Angiospermas
1455,Piper ovatilimbum,Angiospermas
1456,Piper paranum,Angiospermas
1457,Piper pilgeri,Angiospermas
1458,Piper plurinervosum,Angiospermas
1459,Piper renitens,Angiospermas
1460,Piper retropilosum,Angiospermas
1461,Piper scandenticaule,Angiospermas
1462,Piper snethlagei,Angiospermas
1463,Piper solutidrupum,Angiospermas
1464,Piper striatipetiolum,Angiospermas
1465,Piper subfalcatum,Angiospermas
1466,Piper subglabrifolium,Angiospermas
1467,Piper sublepidotum,Angiospermas
1468,Piper sublignosum,Angiospermas
1469,Piper substilosum,Angiospermas
1470,Piper suffrutescens,Angiospermas
1471,Piper taperinhanum,Angiospermas
1472,Piper uaupesense,Angiospermas
1473,Piper uleanum,Angiospermas
1474,Piper utinganum,Angiospermas
1475,Aristida amazonensis,Angiospermas
1476,Arthrostylidium fimbrinodum,Angiospermas
1477,Arthrostylidium grandifolium,Angiospermas
1478,Chusquea diversiglumis,Angiospermas
1479,Eremocaulon amazonicum,Angiospermas
1480,Guadua leonardoana,Angiospermas
1481,Merostachys cachimboensis,Angiospermas
1482,Merostachys fimbriata,Angiospermas
1483,Merostachys rondoniensis,Angiospermas
1484,Olyra davidseana,Angiospermas
1485,Olyra tamanquareana,Angiospermas
1486,Pariana concinna,Angiospermas
1487,Pariana distans,Angiospermas
1488,Pariana ecuadorensis,Angiospermas
1489,Pariana imberbis,Angiospermas
1490,Pariana intermedia,Angiospermas
1491,Pariana ligulata,Angiospermas
1492,Pariana modesta,Angiospermas
1493,Pariana nervata,Angiospermas
1494,Pariana ovalifolia,Angiospermas
1495,Pariana sociata,Angiospermas
1496,Raddiella lunata,Angiospermas
1497,Raddiella minima,Angiospermas
1498,Sporobolus multiramosus,Angiospermas
1499,Sporobolus temomairemensis,Angiospermas
1500,Andropogon indetonsus,Angiospermas
1501,Axonopus amapaensis,Angiospermas
1502,Axonopus carajasensis,Angiospermas
1503,Ichnanthus leptophyllus,Angiospermas
1504,Ichnanthus tarumanensis,Angiospermas
1505,Paspalum campinarum,Angiospermas
1506,Paspalum cangarum,Angiospermas
1507,Paspalum carajasense,Angiospermas
1508,Paspalum lacustre,Angiospermas
1509,Paspalum parvulum,Angiospermas
1510,Paspalum seminudum,Angiospermas
1511,Apinagia aripecuruensis,Angiospermas
1512,Apinagia batrachifolia,Angiospermas
1513,Apinagia tenuifolia,Angiospermas
1514,Castelnavia fluitans,Angiospermas
1515,Castelnavia monandra,Angiospermas
1516,Lophogyne aripuanensis,Angiospermas
1517,Lophogyne goeldiana,Angiospermas
1518,Lophogyne paraensis,Angiospermas
1519,Mourera monadelpha,Angiospermas
1520,Oserya biceps,Angiospermas
1521,Rhyncholacis minor,Angiospermas
1522,Rhyncholacis unguifera,Angiospermas
1523,Rhyncholacis varians,Angiospermas
1524,Caamembeca amazonensis,Angiospermas
1525,Diclidanthera octandra,Angiospermas
1526,Moutabea angustifolia,Angiospermas
1527,Moutabea chodatiana,Angiospermas
1528,Moutabea victoriana,Angiospermas
1529,Securidaca calophylla,Angiospermas
1530,Securidaca marajoara,Angiospermas
1531,Securidaca retusa,Angiospermas
1532,Coccoloba gigantifolia,Angiospermas
1533,Triplaris physocalyx,Angiospermas
1534,Clavija elliptica,Angiospermas
1535,Ctenardisia speciosa,Angiospermas
1536,Cybianthus hoehnei,Angiospermas
1537,Myrsine luae,Angiospermas
1538,Stylogyne racemiflora,Angiospermas
1539,Roupala nonscripta,Angiospermas
1540,Roupala psilocarpa,Angiospermas
1541,Lacunaria grandifolia,Angiospermas
1542,Lacunaria oppositifolia,Angiospermas
1543,Lacunaria sampaioi,Angiospermas
1544,Quiina amazonica,Angiospermas
1545,Quiina berryi,Angiospermas
1546,Quiina cidiana,Angiospermas
1547,Quiina maguirei,Angiospermas
1548,Quiina negrensis,Angiospermas
1549,Quiina piresii,Angiospermas
1550,Touroulia amazonica,Angiospermas
1551,Cephalostemon gracilis,Angiospermas
1552,Monotrema bracteatum,Angiospermas
1553,Rapatea undulata,Angiospermas
1554,Saxofridericia brasiliensis,Angiospermas
1555,Stegolepis piresii,Angiospermas
1556,Rhabdodendron macrophyllum,Angiospermas
1557,Gouania pyrifolia,Angiospermas
1558,Sterigmapetalum plumbeum,Angiospermas
1559,Alibertia curviflora,Angiospermas
1560,Alibertia duckei,Angiospermas
1561,Alibertia obidensis,Angiospermas
1562,Alibertia sorbilis,Angiospermas
1563,Alseis labatioides,Angiospermas
1564,Amaioua contracta,Angiospermas
1565,Amaioua monteiroi,Angiospermas
1566,Appunia aurantiaca,Angiospermas
1567,Appunia odontocalyx,Angiospermas
1568,Appunia triphylla,Angiospermas
1569,Bathysa bathysoides,Angiospermas
1570,Borreria amapaensis,Angiospermas
1571,Borreria carajasensis,Angiospermas
1572,Borreria delicatula,Angiospermas
1573,Borreria egleri,Angiospermas
1574,Borreria elaiosulcata,Angiospermas
1575,Borreria heteranthera,Angiospermas
1576,Borreria paraensis,Angiospermas
1577,Borreria petraea,Angiospermas
1578,Borreria semiamplexicaule,Angiospermas
1579,Calycophyllum tefense,Angiospermas
1580,Carajasia cangae,Angiospermas
1581,Carapichea fimbriflora,Angiospermas
1582,Carapichea panurensis,Angiospermas
1583,Chimarrhis barbata,Angiospermas
1584,Chimarrhis duckeana,Angiospermas
1585,Coussarea duckei,Angiospermas
1586,Coussarea insignis,Angiospermas
1587,Coussarea japurana,Angiospermas
1588,Coussarea krukovii,Angiospermas
1589,Coussarea locuples,Angiospermas
1590,Coussarea micrococca,Angiospermas
1591,Coussarea panurensis,Angiospermas
1592,Dendrosipanea prancei,Angiospermas
1593,Duroia hirsutissima,Angiospermas
1594,Duroia palustris,Angiospermas
1595,Duroia prancei,Angiospermas
1596,Duroia velutina,Angiospermas
1597,Faramea occidentalis,Angiospermas
1598,Faramea platyneura,Angiospermas
1599,Faramea stenomeris,Angiospermas
1600,Ferdinandusa cordata,Angiospermas
1601,Ferdinandusa duckei,Angiospermas
1602,Ferdinandusa lanceolata,Angiospermas
1603,Ferdinandusa leucantha,Angiospermas
1604,Ferdinandusa nitida,Angiospermas
1605,Ferdinandusa paporiensis,Angiospermas
1606,Ferdinandusa scandens,Angiospermas
1607,Geophila tenuis,Angiospermas
1608,Gleasonia cururuensis,Angiospermas
1609,Gleasonia macrocalyx,Angiospermas
1610,Gleasonia prancei,Angiospermas
1611,Gleasonia uaupensis,Angiospermas
1612,Guettarda duckei,Angiospermas
1613,Guettarda hoffmannseggii,Angiospermas
1614,Isertia longifolia,Angiospermas
1615,Isertia psammophila,Angiospermas
1616,Ixora amapaensis,Angiospermas
1617,Ixora cowanii,Angiospermas
1618,Ixora duckei,Angiospermas
1619,Ixora faroensis,Angiospermas
1620,Ixora martinsii,Angiospermas
1621,Ixora pubescens,Angiospermas
1622,Ixora rufa,Angiospermas
1623,Ixora sandwithiana,Angiospermas
1624,Kerianthera preclara,Angiospermas
1625,Kutchubaea duckei,Angiospermas
1626,Ladenbergia paraensis,Angiospermas
1627,Malanea duckei,Angiospermas
1628,Malanea egleri,Angiospermas
1629,Malanea subtruncata,Angiospermas
1630,Mitracarpus carajasensis,Angiospermas
1631,Mitracarpus froesii,Angiospermas
1632,Neobertiera montedouradensis,Angiospermas
1633,Pagamea aracaensis,Angiospermas
1634,Pagamea pilosa,Angiospermas
1635,Pagamea puberula,Angiospermas
1636,Pagamea spruceana,Angiospermas
1637,Palicourea adderleyi,Angiospermas
1638,Palicourea anisoloba,Angiospermas
1639,Palicourea barraensis,Angiospermas
1640,Palicourea canescens,Angiospermas
1641,Palicourea decipiens,Angiospermas
1642,Palicourea formosissima,Angiospermas
1643,Palicourea kuhlmannii,Angiospermas
1644,Palicourea megacephala,Angiospermas
1645,Palicourea piresii,Angiospermas
1646,Palicourea quadribractea,Angiospermas
1647,Palicourea quinata,Angiospermas
1648,Perama carajensis,Angiospermas
1649,Perama galioides,Angiospermas
1650,Platycarpum acreanum,Angiospermas
1651,Platycarpum duckei,Angiospermas
1652,Platycarpum egleri,Angiospermas
1653,Platycarpum froesii,Angiospermas
1654,Psychotria alemquerensis,Angiospermas
1655,Psychotria anisocephala,Angiospermas
1656,Psychotria arirambana,Angiospermas
1657,Psychotria calocardia,Angiospermas
1658,Psychotria duckei,Angiospermas
1659,Psychotria gabrielis,Angiospermas
1660,Psychotria hirtinervia,Angiospermas
1661,Psychotria krukovii,Angiospermas
1662,Psychotria kuhlmannii,Angiospermas
1663,Psychotria maranhana,Angiospermas
1664,Psychotria melanotricha,Angiospermas
1665,Psychotria muelleriana,Angiospermas
1666,Psychotria multiplex,Angiospermas
1667,Psychotria neurothrix,Angiospermas
1668,Psychotria phaneroplexa,Angiospermas
1669,Psychotria rigescens,Angiospermas
1670,Psychotria semifissa,Angiospermas
1671,Psychotria trichotoma,Angiospermas
1672,Psyllocarpus campinorum,Angiospermas
1673,Psyllocarpus cururuensis,Angiospermas
1674,Psyllocarpus psyllocarpoides,Angiospermas
1675,Remijia asperula,Angiospermas
1676,Remijia densiflora,Angiospermas
1677,Remijia duckei,Angiospermas
1678,Remijia firmula,Angiospermas
1679,Remijia glomerata,Angiospermas
1680,Remijia grazielae,Angiospermas
1681,Remijia hirsuta,Angiospermas
1682,Remijia hubbardiorum,Angiospermas
1683,Remijia kuhlmannii,Angiospermas
1684,Remijia physophora,Angiospermas
1685,Remijia tenuiflora,Angiospermas
1686,Retiniphyllum cataractae,Angiospermas
1687,Retiniphyllum glabrum,Angiospermas
1688,Retiniphyllum longiflorum,Angiospermas
1689,Retiniphyllum parvifolium,Angiospermas
1690,Ronabea isanae,Angiospermas
1691,Rudgea cordata,Angiospermas
1692,Rudgea loretensis,Angiospermas
1693,Rudgea palmarum,Angiospermas
1694,Rustia thibaudioides,Angiospermas
1695,Sabicea burchellii,Angiospermas
1696,Sabicea mollissima,Angiospermas
1697,Sabicea trailii,Angiospermas
1698,Schradera brasiliensis,Angiospermas
1699,Simira paraensis,Angiospermas
1700,Sipanea glabrata,Angiospermas
1701,Sipanea prancei,Angiospermas
1702,Sipanea saxicola,Angiospermas
1703,Sipanea wilson-brownei,Angiospermas
1704,Sipaneopsis duckei,Angiospermas
1705,Sphinctanthus acutilobus,Angiospermas
1706,Angostura quinquefolia,Angiospermas
1707,Euxylophora paraensis,Angiospermas
1708,Galipea congestiflora,Angiospermas
1709,Galipea grandifolia,Angiospermas
1710,Hortia longifolia,Angiospermas
1711,Hortia neblinensis,Angiospermas
1712,Hortia nudipetala,Angiospermas
1713,Hortia superba,Angiospermas
1714,Pilocarpus alatus,Angiospermas
1715,Pilocarpus carajaensis,Angiospermas
1716,Pilocarpus trifoliolatus,Angiospermas
1717,Raputia amazonica,Angiospermas
1718,Raputia praetermissa,Angiospermas
1719,Raputia ulei,Angiospermas
1720,Rauia prancei,Angiospermas
1721,Ravenia polygalaecalyx,Angiospermas
1722,Ravenia pseudalterna,Angiospermas
1723,Raveniopsis aracaensis,Angiospermas
1724,Raveniopsis campinicola,Angiospermas
1725,Raveniopsis necopinata,Angiospermas
1726,Spiranthera speciosa,Angiospermas
1727,Ticorea froesii,Angiospermas
1728,Zanthoxylum djalma-batistae,Angiospermas
1729,Casearia manausensis,Angiospermas
1730,Casearia murceana,Angiospermas
1731,Casearia neblinae,Angiospermas
1732,Ryania canescens,Angiospermas
1733,Ryania riedeliana,Angiospermas
1734,Antidaphne amazonensis,Angiospermas
1735,Phoradendron bicarinatum,Angiospermas
1736,Phoradendron oliveirae,Angiospermas
1737,Cupania latifolia,Angiospermas
1738,Matayba longipes,Angiospermas
1739,Matayba robusta,Angiospermas
1740,Paullinia alsmithii,Angiospermas
1741,Paullinia anodonta,Angiospermas
1742,Paullinia bilobulata,Angiospermas
1743,Paullinia bracteosa,Angiospermas
1744,Paullinia cidii,Angiospermas
1745,Paullinia connaracea,Angiospermas
1746,Paullinia firma,Angiospermas
1747,Paullinia interrupta,Angiospermas
1748,Paullinia largifolia,Angiospermas
1749,Paullinia martinellii,Angiospermas
1750,Paullinia prevostiana,Angiospermas
1751,Paullinia reticulata,Angiospermas
1752,Paullinia scaberula,Angiospermas
1753,Paullinia setosa,Angiospermas
1754,Porocystis acuminata,Angiospermas
1755,Talisia douradensis,Angiospermas
1756,Talisia ghilleana,Angiospermas
1757,Talisia granulosa,Angiospermas
1758,Talisia marleneana,Angiospermas
1759,Talisia parviflora,Angiospermas
1760,Thinouia trifoliata,Angiospermas
1761,Toulicia bullata,Angiospermas
1762,Toulicia petiolulata,Angiospermas
1763,Chrysophyllum acreanum,Angiospermas
1764,Chrysophyllum durifructum,Angiospermas
1765,Chrysophyllum superbum,Angiospermas
1766,Chrysophyllum wilsonii,Angiospermas
1767,Ecclinusa campinae,Angiospermas
1768,Ecclinusa lancifolia,Angiospermas
1769,Manilkara excelsa,Angiospermas
1770,Manilkara paraensis,Angiospermas
1771,Micropholis caudata,Angiospermas
1772,Micropholis grandiflora,Angiospermas
1773,Micropholis resinifera,Angiospermas
1774,Micropholis retusa,Angiospermas
1775,Micropholis submarginalis,Angiospermas
1776,Micropholis williamii,Angiospermas
1777,Pouteria amapaensis,Angiospermas
1778,Pouteria brevensis,Angiospermas
1779,Pouteria cicatricata,Angiospermas
1780,Pouteria decussata,Angiospermas
1781,Pouteria ericoides,Angiospermas
1782,Pouteria erythrochrysa,Angiospermas
1783,Pouteria exstaminodia,Angiospermas
1784,Pouteria flavilatex,Angiospermas
1785,Pouteria freitasii,Angiospermas
1786,Pouteria fulva,Angiospermas
1787,Pouteria kossmanniae,Angiospermas
1788,Pouteria latianthera,Angiospermas
1789,Pouteria lucens,Angiospermas
1790,Pouteria maxima,Angiospermas
1791,Pouteria minima,Angiospermas
1792,Pouteria obscura,Angiospermas
1793,Pouteria oppositifolia,Angiospermas
1794,Pouteria pachyphylla,Angiospermas
1795,Pouteria pallens,Angiospermas
1796,Pouteria pariry,Angiospermas
1797,Pouteria pentamera,Angiospermas
1798,Pouteria petiolata,Angiospermas
1799,Pouteria resinosa,Angiospermas
1800,Pouteria stipulifera,Angiospermas
1801,Pouteria stylifera,Angiospermas
1802,Pouteria tarumanensis,Angiospermas
1803,Pouteria tenuisepala,Angiospermas
1804,Pradosia decipiens,Angiospermas
1805,Pradosia granulosa,Angiospermas
1806,Pradosia grisebachii,Angiospermas
1807,Pradosia lahoziana,Angiospermas
1808,Pradosia subverticillata,Angiospermas
1809,Sarcaulus inflexus,Angiospermas
1810,Sarcaulus vestitus,Angiospermas
1811,Heliamphora ceracea,Angiospermas
1812,Schlegelia aurea,Angiospermas
1813,Homalolepis cavalcantei,Angiospermas
1814,Siparuna petasiformis,Angiospermas
1815,Smilax krukovii,Angiospermas
1816,Duckeodendron cestroides,Angiospermas
1817,Juanulloa parviflora,Angiospermas
1818,Lycianthes amazonica,Angiospermas
1819,Styrax prancei,Angiospermas
1820,Thismia calcarata,Angiospermas
1821,Thismia petasiformis,Angiospermas
1822,Thismia pseudomelanomitra,Angiospermas
1823,Thismia ribeiroi,Angiospermas
1824,Thismia variabilis,Angiospermas
1825,Daphnopsis filipedunculata,Angiospermas
1826,Funifera ericiflora,Angiospermas
1827,Lophostoma calophylloides,Angiospermas
1828,Lophostoma dinizii,Angiospermas
1829,Harperocallis paniculata,Angiospermas
1830,Trigonia kerrii,Angiospermas
1831,Sciaphila oligantha,Angiospermas
1832,Turnera amapaensis,Angiospermas
1833,Turnera amazonica,Angiospermas
1834,Turnera discors,Angiospermas
1835,Turnera kuhlmanniana,Angiospermas
1836,Turnera laciniata,Angiospermas
1837,Turnera tapajoensis,Angiospermas
1838,Turnera urbanii,Angiospermas
1839,Cecropia purpurascens,Angiospermas
1840,Cecropia ulei,Angiospermas
1841,Coussapoa arachnoidea,Angiospermas
1842,Coussapoa cupularis,Angiospermas
1843,Coussapoa scabra,Angiospermas
1844,Coussapoa sprucei,Angiospermas
1845,Pourouma cuspidata,Angiospermas
1846,Pourouma formicarum,Angiospermas
1847,Pourouma ovata,Angiospermas
1848,Pourouma persecta,Angiospermas
1849,Petrea brevicalyx,Angiospermas
1850,Petrea campinae,Angiospermas
1851,Petrea insignis,Angiospermas
1852,Rinorea bicornuta,Angiospermas
1853,Rinorea longistipulata,Angiospermas
1854,Rinorea villosiflora,Angiospermas
1855,Cissus acreensis,Angiospermas
1856,Cissus amapaensis,Angiospermas
1857,Erisma bracteosum,Angiospermas
1858,Erisma fuscum,Angiospermas
1859,Erisma gracile,Angiospermas
1860,Erisma lanceolatum,Angiospermas
1861,Erisma silvae,Angiospermas
1862,Qualea brasiliana,Angiospermas
1863,Qualea brevipedicellata,Angiospermas
1864,Qualea cyanea,Angiospermas
1865,Qualea decorticans,Angiospermas
1866,Qualea labouriauana,Angiospermas
1867,Qualea macropetala,Angiospermas
1868,Qualea rupicola,Angiospermas
1869,Qualea sprucei,Angiospermas
1870,Qualea suprema,Angiospermas
1871,Qualea themistoclesii,Angiospermas
1872,Ruizterania belemnensis,Angiospermas
1873,Ruizterania clavata,Angiospermas
1874,Ruizterania trichanthera,Angiospermas
1875,Ruizterania urceolata,Angiospermas
1876,Ruizterania wittrockii,Angiospermas
1877,Vochysia assua,Angiospermas
1878,Vochysia calamana,Angiospermas
1879,Vochysia eximia,Angiospermas
1880,Vochysia expansa,Angiospermas
1881,Vochysia floribunda,Angiospermas
1882,Vochysia fontellae,Angiospermas
1883,Vochysia hannekesaskiarum,Angiospermas
1884,Vochysia ingens,Angiospermas
1885,Vochysia inundata,Angiospermas
1886,Vochysia ledouxii,Angiospermas
1887,Vochysia mapuerae,Angiospermas
1888,Vochysia mariziana,Angiospermas
1889,Vochysia maxima,Angiospermas
1890,Vochysia obidensis,Angiospermas
1891,Vochysia pachyantha,Angiospermas
1892,Vochysia parviflora,Angiospermas
1893,Vochysia pinkusii,Angiospermas
1894,Vochysia punctata,Angiospermas
1895,Vochysia revoluta,Angiospermas
1896,Vochysia rufescens,Angiospermas
1897,Vochysia venulosa,Angiospermas
1898,Douradoa consimilis,Angiospermas
1899,Abolboda abbreviata,Angiospermas
1900,Xyris brachyfolia,Angiospermas
1901,Xyris brachysepala,Angiospermas
1902,Xyris calderonii,Angiospermas
1903,Xyris cylindrostachya,Angiospermas
1904,Xyris downsiana,Angiospermas
1905,Xyris egleri,Angiospermas
1906,Xyris ferreirae,Angiospermas
1907,Xyris mima,Angiospermas
1908,Xyris pallidula,Angiospermas
1909,Xyris pectinata,Angiospermas
1910,Xyris piresiana,Angiospermas
1911,Xyris tomentosa,Angiospermas
1912,Renealmia matogrossensis,Angiospermas
1913,Cephalantholejeunea temnanthoides,Briófitas > Hepáticas
1914,Ceratolejeunea maranhensis,Briófitas > Hepáticas
1915,Ceratolejeunea ocirii,Briófitas > Hepáticas
1916,Ceratolejeunea semicornua,Briófitas > Hepáticas
1917,Ceratolejeunea temnantha,Briófitas > Hepáticas
1918,Cheilolejeunea amazonica,Briófitas > Hepáticas
1919,Cheilolejeunea cuspidifera,Briófitas > Hepáticas
1920,Cheilolejeunea papulosa,Briófitas > Hepáticas
1921,Cheilolejeunea subcrenulata,Briófitas > Hepáticas
1922,Cololejeunea planiuscula,Briófitas > Hepáticas
1923,Cololejeunea schusteri,Briófitas > Hepáticas
1924,Diplasiolejeunea lanciloba,Briófitas > Hepáticas
1925,Drepanolejeunea integribracteata,Briófitas > Hepáticas
1926,Drepanolejeunea robinsonii,Briófitas > Hepáticas
1927,Haplolejeunea amazonica,Briófitas > Hepáticas
1928,Lejeunea combuensis,Briófitas > Hepáticas
1929,Lepidolejeunea cordifissa,Briófitas > Hepáticas
1930,Otolejeunea schnellii,Briófitas > Hepáticas
1931,Prionolejeunea recurvula,Briófitas > Hepáticas
1932,Pycnolejeunea gradsteinii,Briófitas > Hepáticas
1933,Pycnolejeunea remotistipula,Briófitas > Hepáticas
1934,Schusterolejeunea saxorum,Briófitas > Hepáticas
1935,Verdoornianthus marsupiifolius,Briófitas > Hepáticas
1936,Taxithelium juruense,Briófitas > Musgos
1937,Sphagnum amazonicum,Briófitas > Musgos
1938,Sphagnum curicuriariense,Briófitas > Musgos
1939,Sphagnum dimorphophyllum,Briófitas > Musgos
1940,Astrocystis amazonensis,Fungos > Strictu sensus
1941,Thamnomyces fuciformis,Fungos > Strictu sensus
1942,Clavulina connata,Fungos > Strictu sensus
1943,Clavulina sprucei,Fungos > Strictu sensus
1944,Anemia dardanoi,Samambaias e Licófitas
1945,Blechnum areolatum,Samambaias e Licófitas
1946,Blechnum longipilosum,Samambaias e Licófitas
1947,Cyathea leucolepismata,Samambaias e Licófitas
1948,Cyathea tortuosa,Samambaias e Licófitas
1949,Hypolepis forzzae,Samambaias e Licófitas
1950,×Cyclobotrya telespirensis,Samambaias e Licófitas
1951,Mickelia bernoullii,Samambaias e Licófitas
1952,Dicranopteris seminuda,Samambaias e Licófitas
1953,Hymenophyllum prionema,Samambaias e Licófitas
1954,Isoetes amazonica,Samambaias e Licófitas
1955,Isoetes cangae,Samambaias e Licófitas
1956,Isoetes serracarajensis,Samambaias e Licófitas
1957,Danaea trifoliata,Samambaias e Licófitas
1958,Danaea ulei,Samambaias e Licófitas
1959,Metaxya lanosa,Samambaias e Licófitas
1960,Metaxya scalaris,Samambaias e Licófitas
1961,Cochlidium linearifolium,Samambaias e Licófitas
1962,Lellingeria hirsuta,Samambaias e Licófitas
1963,Moranopteris plicata,Samambaias e Licófitas
1964,Saccoloma membranaceum,Samambaias e Licófitas
1965,Salvinia sprucei,Samambaias e Licófitas
1966,Schizaea amazonica,Samambaias e Licófitas
1967,Selaginella deltoides,Samambaias e Licófitas
1968,Selaginella gynostachya,Samambaias e Licófitas
1969,Selaginella stomatoloma,Samambaias e Licófitas
1970,Selaginella surucucusensis,Samambaias e Licófitas
1971,Selaginella terezoana,Samambaias e Licófitas
1972,Selaginella ventricosa,Samambaias e Licófitas
1973,Selaginella zartmanii,Samambaias e Licófitas
1974,Goniopteris indusiata,Samambaias e Licófitas
